ID,country_id,zone_code,zone_name,,
1,1,BDS,Badakhshan,,
2,1,BDG,Badghis,,
3,1,BGL,Baghlan,,
4,1,BAL,Balkh,,
5,1,BAM,Bamian,,
6,1,FRA,Farah,,
7,1,FYB,Faryab,,
8,1,GHA,Ghazni,,
9,1,GHO,Ghowr,,
10,1,HEL,Helmand,,
11,1,HER,Herat,,
12,1,JOW,Jowzjan,,
13,1,KAB,Kabul,,
14,1,KAN,Kandahar,,
15,1,KAP,Kapisa,,
16,1,KHO,Khost,,
17,1,KNR,Konar,,
18,1,KDZ,Kondoz,,
19,1,LAG,Laghman,,
20,1,LOW,Lowgar,,
21,1,NAN,Nangrahar,,
22,1,NIM,Nimruz,,
23,1,NUR,Nurestan,,
24,1,ORU,Oruzgan,,
25,1,PIA,Paktia,,
26,1,PKA,Paktika,,
27,1,PAR,Parwan,,
28,1,SAM,Samangan,,
29,1,SAR,Sar-e Pol,,
30,1,TAK,Takhar,,
31,1,WAR,Wardak,,
32,1,ZAB,Zabol,,
33,2,BR,Berat,,
34,2,BU,Bulqize,,
35,2,DL,Delvine,,
36,2,DV,Devoll,,
37,2,DI,Diber,,
38,2,DR,Durres,,
39,2,EL,Elbasan,,
40,2,ER,Kolonje,,
41,2,FR,Fier,,
42,2,GJ,Gjirokaster,,
43,2,GR,Gramsh,,
44,2,HA,Has,,
45,2,KA,Kavaje,,
46,2,KB,Kurbin,,
47,2,KC,Kucove,,
48,2,KO,Korce,,
49,2,KR,Kruje,,
50,2,KU,Kukes,,
51,2,LB,Librazhd,,
52,2,LE,Lezhe,,
53,2,LU,Lushnje,,
54,2,MM,Malesi e Madhe,,
55,2,MK,Mallakaster,,
56,2,MT,Mat,,
57,2,MR,Mirdite,,
58,2,PQ,Peqin,,
59,2,PR,Permet,,
60,2,PG,Pogradec,,
61,2,PU,Puke,,
62,2,SH,Shkoder,,
63,2,SK,Skrapar,,
64,2,SR,Sarande,,
65,2,TE,Tepelene,,
66,2,TP,Tropoje,,
67,2,TR,Tirane,,
68,2,VL,Vlore,,
69,3,ADR,Adrar,,
70,3,ADE,Ain Defla,,
71,3,ATE,Ain Temouchent,,
72,3,ALG,Alger,,
73,3,ANN,Annaba,,
74,3,BAT,Batna,,
75,3,BEC,Bechar,,
76,3,BEJ,Bejaia,,
77,3,BIS,Biskra,,
78,3,BLI,Blida,,
79,3,BBA,Bordj Bou Arreridj,,
80,3,BOA,Bouira,,
81,3,BMD,Boumerdes,,
82,3,CHL,Chlef,,
83,3,CON,Constantine,,
84,3,DJE,Djelfa,,
85,3,EBA,El Bayadh,,
86,3,EOU,El Oued,,
87,3,ETA,El Tarf,,
88,3,GHA,Ghardaia,,
89,3,GUE,Guelma,,
90,3,ILL,Illizi,,
91,3,JIJ,Jijel,,
92,3,KHE,Khenchela,,
93,3,LAG,Laghouat,,
94,3,MUA,Muaskar,,
95,3,MED,Medea,,
96,3,MIL,Mila,,
97,3,MOS,Mostaganem,,
98,3,MSI,M'Sila,,
99,3,NAA,Naama,,
100,3,ORA,Oran,,
101,3,OUA,Ouargla,,
102,3,OEB,Oum el-Bouaghi,,
103,3,REL,Relizane,,
104,3,SAI,Saida,,
105,3,SET,Setif,,
106,3,SBA,Sidi Bel Abbes,,
107,3,SKI,Skikda,,
108,3,SAH,Souk Ahras,,
109,3,TAM,Tamanghasset,,
110,3,TEB,Tebessa,,
111,3,TIA,Tiaret,,
112,3,TIN,Tindouf,,
113,3,TIP,Tipaza,,
114,3,TIS,Tissemsilt,,
115,3,TOU,Tizi Ouzou,,
116,3,TLE,Tlemcen,,
117,4,E,Eastern,,
118,4,M,Manu'a,,
119,4,R,Rose Island,,
120,4,S,Swains Island,,
121,4,W,Western,,
122,5,ALV,Andorra la Vella,,
123,5,CAN,Canillo,,
124,5,ENC,Encamp,,
125,5,ESE,Escaldes-Engordany,,
126,5,LMA,La Massana,,
127,5,ORD,Ordino,,
128,5,SJL,Sant Julia de Lòria,,
129,6,BGO,Bengo,,
130,6,BGU,Benguela,,
131,6,BIE,Bie,,
132,6,CAB,Cabinda,,
133,6,CCU,Cuando-Cubango,,
134,6,CNO,Cuanza Norte,,
135,6,CUS,Cuanza Sul,,
136,6,CNN,Cunene,,
137,6,HUA,Huambo,,
138,6,HUI,Huila,,
139,6,LUA,Luanda,,
140,6,LNO,Lunda Norte,,
141,6,LSU,Lunda Sul,,
142,6,MAL,Malange,,
143,6,MOX,Moxico,,
144,6,NAM,Namibe,,
145,6,UIG,Uige,,
146,6,ZAI,Zaire,,
147,9,ASG,Saint George,,
148,9,ASJ,Saint John,,
149,9,ASM,Saint Mary,,
150,9,ASL,Saint Paul,,
151,9,ASR,Saint Peter,,
152,9,ASH,Saint Philip,,
153,9,BAR,Barbuda,,
154,9,RED,Redonda,,
155,10,AN,Antartida e Islas del Atlantico Sur,,
156,10,BA,Buenos Aires,,
157,10,CA,Catamarca,,
158,10,CH,Chaco,,
159,10,CU,Chubut,,
160,10,CO,Cordoba,,
161,10,CR,Corrientes,,
162,10,CF,Capital Federal,,
163,10,ER,Entre Rios,,
164,10,FO,Formosa,,
165,10,JU,Jujuy,,
166,10,LP,La Pampa,,
167,10,LR,La Rioja,,
168,10,ME,Mendoza,,
169,10,MI,Misiones,,
170,10,NE,Neuquen,,
171,10,RN,Rio Negro,,
172,10,SA,Salta,,
173,10,SJ,San Juan,,
174,10,SL,San Luis,,
175,10,SC,Santa Cruz,,
176,10,SF,Santa Fe,,
177,10,SD,Santiago del Estero,,
178,10,TF,Tierra del Fuego,,
179,10,TU,Tucuman,,
180,11,AGT,Aragatsotn,,
181,11,ARR,Ararat,,
182,11,ARM,Armavir,,
183,11,GEG,Geghark'unik',,
184,11,KOT,Kotayk',,
185,11,LOR,Lorri,,
186,11,SHI,Shirak,,
187,11,SYU,Syunik',,
188,11,TAV,Tavush,,
189,11,VAY,Vayots' Dzor,,
190,11,YER,Yerevan,,
191,13,ACT,Australian Capital Territory,,
192,13,NSW,New South Wales,,
193,13,NT,Northern Territory,,
194,13,QLD,Queensland,,
195,13,SA,South Australia,,
196,13,TAS,Tasmania,,
197,13,VIC,Victoria,,
198,13,WA,Western Australia,,
199,14,BUR,Burgenland,,
200,14,KAR,K&auml,rnten,
201,14,NOS,Nieder&ouml,esterreich,
202,14,OOS,Ober&ouml,esterreich,
203,14,SAL,Salzburg,,
204,14,STE,Steiermark,,
205,14,TIR,Tirol,,
206,14,VOR,Vorarlberg,,
207,14,WIE,Wien,,
208,15,AB,Ali Bayramli,,
209,15,ABS,Abseron,,
210,15,AGC,AgcabAdi,,
211,15,AGM,Agdam,,
212,15,AGS,Agdas,,
213,15,AGA,Agstafa,,
214,15,AGU,Agsu,,
215,15,AST,Astara,,
216,15,BA,Baki,,
217,15,BAB,BabAk,,
218,15,BAL,BalakAn,,
219,15,BAR,BArdA,,
220,15,BEY,Beylaqan,,
221,15,BIL,Bilasuvar,,
222,15,CAB,Cabrayil,,
223,15,CAL,Calilabab,,
224,15,CUL,Culfa,,
225,15,DAS,Daskasan,,
226,15,DAV,Davaci,,
227,15,FUZ,Fuzuli,,
228,15,GA,Ganca,,
229,15,GAD,Gadabay,,
230,15,GOR,Goranboy,,
231,15,GOY,Goycay,,
232,15,HAC,Haciqabul,,
233,15,IMI,Imisli,,
234,15,ISM,Ismayilli,,
235,15,KAL,Kalbacar,,
236,15,KUR,Kurdamir,,
237,15,LA,Lankaran,,
238,15,LAC,Lacin,,
239,15,LAN,Lankaran,,
240,15,LER,Lerik,,
241,15,MAS,Masalli,,
242,15,MI,Mingacevir,,
243,15,NA,Naftalan,,
244,15,NEF,Neftcala,,
245,15,OGU,Oguz,,
246,15,ORD,Ordubad,,
247,15,QAB,Qabala,,
248,15,QAX,Qax,,
249,15,QAZ,Qazax,,
250,15,QOB,Qobustan,,
251,15,QBA,Quba,,
252,15,QBI,Qubadli,,
253,15,QUS,Qusar,,
254,15,SA,Saki,,
255,15,SAT,Saatli,,
256,15,SAB,Sabirabad,,
257,15,SAD,Sadarak,,
258,15,SAH,Sahbuz,,
259,15,SAK,Saki,,
260,15,SAL,Salyan,,
261,15,SM,Sumqayit,,
262,15,SMI,Samaxi,,
263,15,SKR,Samkir,,
264,15,SMX,Samux,,
265,15,SAR,Sarur,,
266,15,SIY,Siyazan,,
267,15,SS,Susa,,
268,15,SUS,Susa,,
269,15,TAR,Tartar,,
270,15,TOV,Tovuz,,
271,15,UCA,Ucar,,
272,15,XA,Xankandi,,
273,15,XAC,Xacmaz,,
274,15,XAN,Xanlar,,
275,15,XIZ,Xizi,,
276,15,XCI,Xocali,,
277,15,XVD,Xocavand,,
278,15,YAR,Yardimli,,
279,15,YEV,Yevlax,,
280,15,ZAN,Zangilan,,
281,15,ZAQ,Zaqatala,,
282,15,ZAR,Zardab,,
283,15,NX,Naxcivan,,
284,16,ACK,Acklins,,
285,16,BER,Berry Islands,,
286,16,BIM,Bimini,,
287,16,BLK,Black Point,,
288,16,CAT,Cat Island,,
289,16,CAB,Central Abaco,,
290,16,CAN,Central Andros,,
291,16,CEL,Central Eleuthera,,
292,16,FRE,City of Freeport,,
293,16,CRO,Crooked Island,,
294,16,EGB,East Grand Bahama,,
295,16,EXU,Exuma,,
296,16,GRD,Grand Cay,,
297,16,HAR,Harbour Island,,
298,16,HOP,Hope Town,,
299,16,INA,Inagua,,
300,16,LNG,Long Island,,
301,16,MAN,Mangrove Cay,,
302,16,MAY,Mayaguana,,
303,16,MOO,Moore's Island,,
304,16,NAB,North Abaco,,
305,16,NAN,North Andros,,
306,16,NEL,North Eleuthera,,
307,16,RAG,Ragged Island,,
308,16,RUM,Rum Cay,,
309,16,SAL,San Salvador,,
310,16,SAB,South Abaco,,
311,16,SAN,South Andros,,
312,16,SEL,South Eleuthera,,
313,16,SWE,Spanish Wells,,
314,16,WGB,West Grand Bahama,,
315,17,CAP,Capital,,
316,17,CEN,Central,,
317,17,MUH,Muharraq,,
318,17,NOR,Northern,,
319,17,SOU,Southern,,
320,18,BAR,Barisal,,
321,18,CHI,Chittagong,,
322,18,DHA,Dhaka,,
323,18,KHU,Khulna,,
324,18,RAJ,Rajshahi,,
325,18,SYL,Sylhet,,
326,19,CC,Christ Church,,
327,19,AND,Saint Andrew,,
328,19,GEO,Saint George,,
329,19,JAM,Saint James,,
330,19,JOH,Saint John,,
331,19,JOS,Saint Joseph,,
332,19,LUC,Saint Lucy,,
333,19,MIC,Saint Michael,,
334,19,PET,Saint Peter,,
335,19,PHI,Saint Philip,,
336,19,THO,Saint Thomas,,
337,20,BR,Brestskaya (Brest),,
338,20,HO,Homyel'skaya (Homyel'),,
339,20,HM,Horad Minsk,,
340,20,HR,Hrodzyenskaya (Hrodna),,
341,20,MA,Mahilyowskaya (Mahilyow),,
342,20,MI,Minskaya,,
343,20,VI,Vitsyebskaya (Vitsyebsk),,
344,21,VAN,Antwerpen,,
345,21,WBR,Brabant Wallon,,
346,21,WHT,Hainaut,,
347,21,WLG,Liege,,
348,21,VLI,Limburg,,
349,21,WLX,Luxembourg,,
350,21,WNA,Namur,,
351,21,VOV,Oost-Vlaanderen,,
352,21,VBR,Vlaams Brabant,,
353,21,VWV,West-Vlaanderen,,
354,22,BZ,Belize,,
355,22,CY,Cayo,,
356,22,CR,Corozal,,
357,22,OW,Orange Walk,,
358,22,SC,Stann Creek,,
359,22,TO,Toledo,,
360,23,AL,Alibori,,
361,23,AK,Atakora,,
362,23,AQ,Atlantique,,
363,23,BO,Borgou,,
364,23,CO,Collines,,
365,23,DO,Donga,,
366,23,KO,Kouffo,,
367,23,LI,Littoral,,
368,23,MO,Mono,,
369,23,OU,Oueme,,
370,23,PL,Plateau,,
371,23,ZO,Zou,,
372,24,DS,Devonshire,,
373,24,HC,Hamilton City,,
374,24,HA,Hamilton,,
375,24,PG,Paget,,
376,24,PB,Pembroke,,
377,24,GC,Saint George City,,
378,24,SG,Saint George's,,
379,24,SA,Sandys,,
380,24,SM,Smith's,,
381,24,SH,Southampton,,
382,24,WA,Warwick,,
383,25,BUM,Bumthang,,
384,25,CHU,Chukha,,
385,25,DAG,Dagana,,
386,25,GAS,Gasa,,
387,25,HAA,Haa,,
388,25,LHU,Lhuntse,,
389,25,MON,Mongar,,
390,25,PAR,Paro,,
391,25,PEM,Pemagatshel,,
392,25,PUN,Punakha,,
393,25,SJO,Samdrup Jongkhar,,
394,25,SAT,Samtse,,
395,25,SAR,Sarpang,,
396,25,THI,Thimphu,,
397,25,TRG,Trashigang,,
398,25,TRY,Trashiyangste,,
399,25,TRO,Trongsa,,
400,25,TSI,Tsirang,,
401,25,WPH,Wangdue Phodrang,,
402,25,ZHE,Zhemgang,,
403,26,BEN,Beni,,
404,26,CHU,Chuquisaca,,
405,26,COC,Cochabamba,,
406,26,LPZ,La Paz,,
407,26,ORU,Oruro,,
408,26,PAN,Pando,,
409,26,POT,Potosi,,
410,26,SCZ,Santa Cruz,,
411,26,TAR,Tarija,,
412,27,BRO,Brcko district,,
413,27,FUS,Unsko-Sanski Kanton,,
414,27,FPO,Posavski Kanton,,
415,27,FTU,Tuzlanski Kanton,,
416,27,FZE,Zenicko-Dobojski Kanton,,
417,27,FBP,Bosanskopodrinjski Kanton,,
418,27,FSB,Srednjebosanski Kanton,,
419,27,FHN,Hercegovacko-neretvanski Kanton,,
420,27,FZH,Zapadnohercegovacka Zupanija,,
421,27,FSA,Kanton Sarajevo,,
422,27,FZA,Zapadnobosanska,,
423,27,SBL,Banja Luka,,
424,27,SDO,Doboj,,
425,27,SBI,Bijeljina,,
426,27,SVL,Vlasenica,,
427,27,SSR,Sarajevo-Romanija or Sokolac,,
428,27,SFO,Foca,,
429,27,STR,Trebinje,,
430,28,CE,Central,,
431,28,GH,Ghanzi,,
432,28,KD,Kgalagadi,,
433,28,KT,Kgatleng,,
434,28,KW,Kweneng,,
435,28,NG,Ngamiland,,
436,28,NE,North East,,
437,28,NW,North West,,
438,28,SE,South East,,
439,28,SO,Southern,,
440,30,AC,Acre,,
441,30,AL,Alagoas,,
442,30,AP,Amapa,,
443,30,AM,Amazonas,,
444,30,BA,Bahia,,
445,30,CE,Ceara,,
446,30,DF,Distrito Federal,,
447,30,ES,Espirito Santo,,
448,30,GO,Goias,,
449,30,MA,Maranhao,,
450,30,MT,Mato Grosso,,
451,30,MS,Mato Grosso do Sul,,
452,30,MG,Minas Gerais,,
453,30,PA,Para,,
454,30,PB,Paraiba,,
455,30,PR,Parana,,
456,30,PE,Pernambuco,,
457,30,PI,Piaui,,
458,30,RJ,Rio de Janeiro,,
459,30,RN,Rio Grande do Norte,,
460,30,RS,Rio Grande do Sul,,
461,30,RO,Rondonia,,
462,30,RR,Roraima,,
463,30,SC,Santa Catarina,,
464,30,SP,Sao Paulo,,
465,30,SE,Sergipe,,
466,30,TO,Tocantins,,
467,31,PB,Peros Banhos,,
468,31,SI,Salomon Islands,,
469,31,NI,Nelsons Island,,
470,31,TB,Three Brothers,,
471,31,EA,Eagle Islands,,
472,31,DI,Danger Island,,
473,31,EG,Egmont Islands,,
474,31,DG,Diego Garcia,,
475,32,BEL,Belait,,
476,32,BRM,Brunei and Muara,,
477,32,TEM,Temburong,,
478,32,TUT,Tutong,,
479,34,BAL,Bale,,
480,34,BAM,Bam,,
481,34,BAN,Banwa,,
482,34,BAZ,Bazega,,
483,34,BOR,Bougouriba,,
484,34,BLG,Boulgou,,
485,34,BOK,Boulkiemde,,
486,34,COM,Comoe,,
487,34,GAN,Ganzourgou,,
488,34,GNA,Gnagna,,
489,34,GOU,Gourma,,
490,34,HOU,Houet,,
491,34,IOA,Ioba,,
492,34,KAD,Kadiogo,,
493,34,KEN,Kenedougou,,
494,34,KOD,Komondjari,,
495,34,KOP,Kompienga,,
496,34,KOS,Kossi,,
497,34,KOL,Koulpelogo,,
498,34,KOT,Kouritenga,,
499,34,KOW,Kourweogo,,
500,34,LER,Leraba,,
501,34,LOR,Loroum,,
502,34,MOU,Mouhoun,,
503,34,NAH,Nahouri,,
504,34,NAM,Namentenga,,
505,34,NAY,Nayala,,
506,34,NOU,Noumbiel,,
507,34,OUB,Oubritenga,,
508,34,OUD,Oudalan,,
509,34,PAS,Passore,,
510,34,PON,Poni,,
511,34,SAG,Sanguie,,
512,34,SAM,Sanmatenga,,
513,34,SEN,Seno,,
514,34,SIS,Sissili,,
515,34,SOM,Soum,,
516,34,SOR,Sourou,,
517,34,TAP,Tapoa,,
518,34,TUY,Tuy,,
519,34,YAG,Yagha,,
520,34,YAT,Yatenga,,
521,34,ZIR,Ziro,,
522,34,ZOD,Zondoma,,
523,34,ZOW,Zoundweogo,,
524,35,BB,Bubanza,,
525,35,BJ,Bujumbura,,
526,35,BR,Bururi,,
527,35,CA,Cankuzo,,
528,35,CI,Cibitoke,,
529,35,GI,Gitega,,
530,35,KR,Karuzi,,
531,35,KY,Kayanza,,
532,35,KI,Kirundo,,
533,35,MA,Makamba,,
534,35,MU,Muramvya,,
535,35,MY,Muyinga,,
536,35,MW,Mwaro,,
537,35,NG,Ngozi,,
538,35,RT,Rutana,,
539,35,RY,Ruyigi,,
540,36,PP,Phnom Penh,,
541,36,PS,Preah Seihanu (Kompong Som or Sihanoukville),,
542,36,PA,Pailin,,
543,36,KB,Keb,,
544,36,BM,Banteay Meanchey,,
545,36,BA,Battambang,,
546,36,KM,Kampong Cham,,
547,36,KN,Kampong Chhnang,,
548,36,KU,Kampong Speu,,
549,36,KO,Kampong Som,,
550,36,KT,Kampong Thom,,
551,36,KP,Kampot,,
552,36,KL,Kandal,,
553,36,KK,Kaoh Kong,,
554,36,KR,Kratie,,
555,36,MK,Mondul Kiri,,
556,36,OM,Oddar Meancheay,,
557,36,PU,Pursat,,
558,36,PR,Preah Vihear,,
559,36,PG,Prey Veng,,
560,36,RK,Ratanak Kiri,,
561,36,SI,Siemreap,,
562,36,ST,Stung Treng,,
563,36,SR,Svay Rieng,,
564,36,TK,Takeo,,
565,37,ADA,Adamawa (Adamaoua),,
566,37,CEN,Centre,,
567,37,EST,East (Est),,
568,37,EXN,Extreme North (Extrême-Nord),,
569,37,LIT,Littoral,,
570,37,NOR,North (Nord),,
571,37,NOT,Northwest (Nord-Ouest),,
572,37,OUE,West (Ouest),,
573,37,SUD,South (Sud),,
574,37,SOU,Southwest (Sud-Ouest).,,
575,38,AB,Alberta,,
576,38,BC,British Columbia,,
577,38,MB,Manitoba,,
578,38,NB,New Brunswick,,
579,38,NL,Newfoundland and Labrador,,
580,38,NT,Northwest Territories,,
581,38,NS,Nova Scotia,,
582,38,NU,Nunavut,,
583,38,ON,Ontario,,
584,38,PE,Prince Edward Island,,
585,38,QC,Quebec,,
586,38,SK,Saskatchewan,,
587,38,YT,Yukon Territory,,
588,39,BV,Boa Vista,,
589,39,BR,Brava,,
590,39,CS,Calheta de Sao Miguel,,
591,39,MA,Maio,,
592,39,MO,Mosteiros,,
593,39,PA,Paul,,
594,39,PN,Porto Novo,,
595,39,PR,Praia,,
596,39,RG,Ribeira Grande,,
597,39,SL,Sal,,
598,39,CA,Santa Catarina,,
599,39,CR,Santa Cruz,,
600,39,SD,Sao Domingos,,
601,39,SF,Sao Filipe,,
602,39,SN,Sao Nicolau,,
603,39,SV,Sao Vicente,,
604,39,TA,Tarrafal,,
605,40,CR,Creek,,
606,40,EA,Eastern,,
607,40,ML,Midland,,
608,40,ST,South Town,,
609,40,SP,Spot Bay,,
610,40,SK,Stake Bay,,
611,40,WD,West End ,,
612,40,WN,Western,,
613,41,BBA,Bamingui-Bangoran,,
614,41,BKO,Basse-Kotto,,
615,41,HKO,Haute-Kotto,,
616,41,HMB,Haut-Mbomou,,
617,41,KEM,Kemo,,
618,41,LOB,Lobaye,,
619,41,MKD,Mambere-Kadeï,,
620,41,MBO,Mbomou,,
621,41,NMM,Nana-Mambere,,
622,41,OMP,Ombella-M'Poko,,
623,41,OUK,Ouaka,,
624,41,OUH,Ouham,,
625,41,OPE,Ouham-Pende,,
626,41,VAK,Vakaga,,
627,41,NGR,Nana-Grebizi,,
628,41,SMB,Sangha-Mbaere,,
629,41,BAN,Bangui,,
630,42,BA,Batha,,
631,42,BI,Biltine,,
632,42,BE,Borkou-Ennedi-Tibesti,,
633,42,CB,Chari-Baguirmi,,
634,42,GU,Guera,,
635,42,KA,Kanem,,
636,42,LA,Lac,,
637,42,LC,Logone Occidental,,
638,42,LR,Logone Oriental,,
639,42,MK,Mayo-Kebbi,,
640,42,MC,Moyen-Chari,,
641,42,OU,Ouaddai,,
642,42,SA,Salamat,,
643,42,TA,Tandjile,,
644,43,AI,Aisen del General Carlos Ibanez del Campo,,
645,43,AN,Antofagasta,,
646,43,AR,Araucania,,
647,43,AT,Atacama,,
648,43,BI,Bio-Bio,,
649,43,CO,Coquimbo,,
650,43,LI,Libertador General Bernardo O'Higgins,,
651,43,LL,Los Lagos,,
652,43,MA,Magallanes y de la Antartica Chilena,,
653,43,ML,Maule,,
654,43,RM,Region Metropolitana,,
655,43,TA,Tarapaca,,
656,43,VS,Valparaiso,,
657,44,AN,Anhui,,
658,44,BE,Beijing,,
659,44,CH,Chongqing,,
660,44,FU,Fujian,,
661,44,GA,Gansu,,
662,44,GU,Guangdong,,
663,44,GX,Guangxi,,
664,44,GZ,Guizhou,,
665,44,HA,Hainan,,
666,44,HB,Hebei,,
667,44,HL,Heilongjiang,,
668,44,HE,Henan,,
669,44,HK,Hong Kong,,
670,44,HU,Hubei,,
671,44,HN,Hunan,,
672,44,IM,Inner Mongolia,,
673,44,JI,Jiangsu,,
674,44,JX,Jiangxi,,
675,44,JL,Jilin,,
676,44,LI,Liaoning,,
677,44,MA,Macau,,
678,44,NI,Ningxia,,
679,44,SH,Shaanxi,,
680,44,SA,Shandong,,
681,44,SG,Shanghai,,
682,44,SX,Shanxi,,
683,44,SI,Sichuan,,
684,44,TI,Tianjin,,
685,44,XI,Xinjiang,,
686,44,YU,Yunnan,,
687,44,ZH,Zhejiang,,
688,46,D,Direction Island,,
689,46,H,Home Island,,
690,46,O,Horsburgh Island,,
691,46,S,South Island,,
692,46,W,West Island,,
693,47,AMZ,Amazonas,,
694,47,ANT,Antioquia,,
695,47,ARA,Arauca,,
696,47,ATL,Atlantico,,
697,47,BDC,Bogota D.C.,,
698,47,BOL,Bolivar,,
699,47,BOY,Boyaca,,
700,47,CAL,Caldas,,
701,47,CAQ,Caqueta,,
702,47,CAS,Casanare,,
703,47,CAU,Cauca,,
704,47,CES,Cesar,,
705,47,CHO,Choco,,
706,47,COR,Cordoba,,
707,47,CAM,Cundinamarca,,
708,47,GNA,Guainia,,
709,47,GJR,Guajira,,
710,47,GVR,Guaviare,,
711,47,HUI,Huila,,
712,47,MAG,Magdalena,,
713,47,MET,Meta,,
714,47,NAR,Narino,,
715,47,NDS,Norte de Santander,,
716,47,PUT,Putumayo,,
717,47,QUI,Quindio,,
718,47,RIS,Risaralda,,
719,47,SAP,San Andres y Providencia,,
720,47,SAN,Santander,,
721,47,SUC,Sucre,,
722,47,TOL,Tolima,,
723,47,VDC,Valle del Cauca,,
724,47,VAU,Vaupes,,
725,47,VIC,Vichada,,
726,48,G,Grande Comore,,
727,48,A,Anjouan,,
728,48,M,Moheli,,
729,49,BO,Bouenza,,
730,49,BR,Brazzaville,,
731,49,CU,Cuvette,,
732,49,CO,Cuvette-Ouest,,
733,49,KO,Kouilou,,
734,49,LE,Lekoumou,,
735,49,LI,Likouala,,
736,49,NI,Niari,,
737,49,PL,Plateaux,,
738,49,PO,Pool ,,
739,49,SA,Sangha,,
740,50,PU,Pukapuka,,
741,50,RK,Rakahanga,,
742,50,MK,Manihiki,,
743,50,PE,Penrhyn,,
744,50,NI,Nassau Island,,
745,50,SU,Surwarrow,,
746,50,PA,Palmerston,,
747,50,AI,Aitutaki,,
748,50,MA,Manuae,,
749,50,TA,Takutea,,
750,50,MT,Mitiaro,,
751,50,AT,Atiu,,
752,50,MU,Mauke,,
753,50,RR,Rarotonga,,
754,50,MG,Mangaia,,
755,51,AL,Alajuela,,
756,51,CA,Cartago,,
757,51,GU,Guanacaste,,
758,51,HE,Heredia,,
759,51,LI,Limon,,
760,51,PU,Puntarenas,,
761,51,SJ,San Jose,,
762,52,ABE,Abengourou,,
763,52,ABI,Abidjan,,
764,52,ABO,Aboisso,,
765,52,ADI,Adiake,,
766,52,ADZ,Adzope,,
767,52,AGB,Agboville,,
768,52,AGN,Agnibilekrou,,
769,52,ALE,Alepe,,
770,52,BOC,Bocanda,,
771,52,BAN,Bangolo,,
772,52,BEO,Beoumi,,
773,52,BIA,Biankouma,,
774,52,BDK,Bondoukou,,
775,52,BGN,Bongouanou,,
776,52,BFL,Bouafle,,
777,52,BKE,Bouake,,
778,52,BNA,Bouna,,
779,52,BDL,Boundiali,,
780,52,DKL,Dabakala,,
781,52,DBU,Dabou,,
782,52,DAL,Daloa,,
783,52,DAN,Danane,,
784,52,DAO,Daoukro,,
785,52,DIM,Dimbokro,,
786,52,DIV,Divo,,
787,52,DUE,Duekoue,,
788,52,FER,Ferkessedougou,,
789,52,GAG,Gagnoa,,
790,52,GBA,Grand-Bassam,,
791,52,GLA,Grand-Lahou,,
792,52,GUI,Guiglo,,
793,52,ISS,Issia,,
794,52,JAC,Jacqueville,,
795,52,KAT,Katiola,,
796,52,KOR,Korhogo,,
797,52,LAK,Lakota,,
798,52,MAN,Man,,
799,52,MKN,Mankono,,
800,52,MBA,Mbahiakro,,
801,52,ODI,Odienne,,
802,52,OUM,Oume,,
803,52,SAK,Sakassou,,
804,52,SPE,San-Pedro,,
805,52,SAS,Sassandra,,
806,52,SEG,Seguela,,
807,52,SIN,Sinfra,,
808,52,SOU,Soubre,,
809,52,TAB,Tabou,,
810,52,TAN,Tanda,,
811,52,TIE,Tiebissou,,
812,52,TIN,Tingrela,,
813,52,TIA,Tiassale,,
814,52,TBA,Touba,,
815,52,TLP,Toulepleu,,
816,52,TMD,Toumodi,,
817,52,VAV,Vavoua,,
818,52,YAM,Yamoussoukro,,
819,52,ZUE,Zuenoula,,
820,53,BB,Bjelovar-Bilogora,,
821,53,CZ,City of Zagreb,,
822,53,DN,Dubrovnik-Neretva,,
823,53,IS,Istra,,
824,53,KA,Karlovac,,
825,53,KK,Koprivnica-Krizevci,,
826,53,KZ,Krapina-Zagorje,,
827,53,LS,Lika-Senj,,
828,53,ME,Medimurje,,
829,53,OB,Osijek-Baranja,,
830,53,PS,Pozega-Slavonia,,
831,53,PG,Primorje-Gorski Kotar,,
832,53,SI,Sibenik,,
833,53,SM,Sisak-Moslavina,,
834,53,SB,Slavonski Brod-Posavina,,
835,53,SD,Split-Dalmatia,,
836,53,VA,Varazdin,,
837,53,VP,Virovitica-Podravina,,
838,53,VS,Vukovar-Srijem,,
839,53,ZK,Zadar-Knin,,
840,53,ZA,Zagreb,,
841,54,CA,Camaguey,,
842,54,CD,Ciego de Avila,,
843,54,CI,Cienfuegos,,
844,54,CH,Ciudad de La Habana,,
845,54,GR,Granma,,
846,54,GU,Guantanamo,,
847,54,HO,Holguin,,
848,54,IJ,Isla de la Juventud,,
849,54,LH,La Habana,,
850,54,LT,Las Tunas,,
851,54,MA,Matanzas,,
852,54,PR,Pinar del Rio,,
853,54,SS,Sancti Spiritus,,
854,54,SC,Santiago de Cuba,,
855,54,VC,Villa Clara,,
856,55,F,Famagusta,,
857,55,K,Kyrenia,,
858,55,A,Larnaca,,
859,55,I,Limassol,,
860,55,N,Nicosia,,
861,55,P,Paphos,,
862,56,U,&Uacute,steck&#253,
863,56,C,Jiho&#269,esk&#253,
864,56,B,Jihomoravsk&#253,,
865,56,K,Karlovarsk&#253,,
866,56,H,Kr&aacute,lov&eacute,hradeck&#253
867,56,L,Libereck&#253,,
868,56,T,Moravskoslezsk&#253,,
869,56,M,Olomouck&#253,,
870,56,E,Pardubick&#253,,
871,56,P,Plze&#328,sk&#253,
872,56,A,Hlavn&iacute, m&#283,sto Praha
873,56,S,St&#345,edo&#269,esk&#253
874,56,J,Vyso&#269,ina,
875,56,Z,Zl&iacute,nsk&#253,
876,57,AR,Arhus,,
877,57,BH,Bornholm,,
878,57,CO,Copenhagen,,
879,57,FO,Faroe Islands,,
880,57,FR,Frederiksborg,,
881,57,FY,Fyn,,
882,57,KO,Kobenhavn,,
883,57,NO,Nordjylland,,
884,57,RI,Ribe,,
885,57,RK,Ringkobing,,
886,57,RO,Roskilde,,
887,57,SO,Sonderjylland,,
888,57,ST,Storstrom,,
889,57,VK,Vejle,,
890,57,VJ,Vestj&aelig,lland,
891,57,VB,Viborg,,
892,58,S,'Ali Sabih,,
893,58,K,Dikhil,,
894,58,J,Djibouti,,
895,58,O,Obock,,
896,58,T,Tadjoura,,
897,59,AND,Saint Andrew Parish,,
898,59,DAV,Saint David Parish,,
899,59,GEO,Saint George Parish,,
900,59,JOH,Saint John Parish,,
901,59,JOS,Saint Joseph Parish,,
902,59,LUK,Saint Luke Parish,,
903,59,MAR,Saint Mark Parish,,
904,59,PAT,Saint Patrick Parish,,
905,59,PAU,Saint Paul Parish,,
906,59,PET,Saint Peter Parish,,
907,60,DN,Distrito Nacional,,
908,60,AZ,Azua,,
909,60,BC,Baoruco,,
910,60,BH,Barahona,,
911,60,DJ,Dajabon,,
912,60,DU,Duarte,,
913,60,EL,Elias Pina,,
914,60,SY,El Seybo,,
915,60,ET,Espaillat,,
916,60,HM,Hato Mayor,,
917,60,IN,Independencia,,
918,60,AL,La Altagracia,,
919,60,RO,La Romana,,
920,60,VE,La Vega,,
921,60,MT,Maria Trinidad Sanchez,,
922,60,MN,Monsenor Nouel,,
923,60,MC,Monte Cristi,,
924,60,MP,Monte Plata,,
925,60,PD,Pedernales,,
926,60,PR,Peravia (Bani),,
927,60,PP,Puerto Plata,,
928,60,SL,Salcedo,,
929,60,SM,Samana,,
930,60,SH,Sanchez Ramirez,,
931,60,SC,San Cristobal,,
932,60,JO,San Jose de Ocoa,,
933,60,SJ,San Juan,,
934,60,PM,San Pedro de Macoris,,
935,60,SA,Santiago,,
936,60,ST,Santiago Rodriguez,,
937,60,SD,Santo Domingo,,
938,60,VA,Valverde,,
939,61,AL,Aileu,,
940,61,AN,Ainaro,,
941,61,BA,Baucau,,
942,61,BO,Bobonaro,,
943,61,CO,Cova Lima,,
944,61,DI,Dili,,
945,61,ER,Ermera,,
946,61,LA,Lautem,,
947,61,LI,Liquica,,
948,61,MT,Manatuto,,
949,61,MF,Manufahi,,
950,61,OE,Oecussi,,
951,61,VI,Viqueque,,
952,62,AZU,Azuay,,
953,62,BOL,Bolivar,,
954,62,CAN,Ca&ntilde,ar,
955,62,CAR,Carchi,,
956,62,CHI,Chimborazo,,
957,62,COT,Cotopaxi,,
958,62,EOR,El Oro,,
959,62,ESM,Esmeraldas,,
960,62,GPS,Gal&aacute,pagos,
961,62,GUA,Guayas,,
962,62,IMB,Imbabura,,
963,62,LOJ,Loja,,
964,62,LRO,Los Ríos,,
965,62,MAN,Manab&iacute,,
966,62,MSA,Morona Santiago,,
967,62,NAP,Napo,,
968,62,ORE,Orellana,,
969,62,PAS,Pastaza,,
970,62,PIC,Pichincha,,
971,62,SUC,Sucumb&iacute,os,
972,62,TUN,Tungurahua,,
973,62,ZCH,Zamora Chinchipe,,
974,63,DHY,Ad Daqahliyah,,
975,63,BAM,Al Bahr al Ahmar,,
976,63,BHY,Al Buhayrah,,
977,63,FYM,Al Fayyum,,
978,63,GBY,Al Gharbiyah,,
979,63,IDR,Al Iskandariyah,,
980,63,IML,Al Isma'iliyah,,
981,63,JZH,Al Jizah,,
982,63,MFY,Al Minufiyah,,
983,63,MNY,Al Minya,,
984,63,QHR,Al Qahirah,,
985,63,QLY,Al Qalyubiyah,,
986,63,WJD,Al Wadi al Jadid,,
987,63,SHQ,Ash Sharqiyah,,
988,63,SWY,As Suways,,
989,63,ASW,Aswan,,
990,63,ASY,Asyut,,
991,63,BSW,Bani Suwayf,,
992,63,BSD,Bur Sa'id,,
993,63,DMY,Dumyat,,
994,63,JNS,Janub Sina',,
995,63,KSH,Kafr ash Shaykh,,
996,63,MAT,Matruh,,
997,63,QIN,Qina,,
998,63,SHS,Shamal Sina',,
999,63,SUH,Suhaj,,
1000,64,AH,Ahuachapan,,
1001,64,CA,Cabanas,,
1002,64,CH,Chalatenango,,
1003,64,CU,Cuscatlan,,
1004,64,LB,La Libertad,,
1005,64,PZ,La Paz,,
1006,64,UN,La Union,,
1007,64,MO,Morazan,,
1008,64,SM,San Miguel,,
1009,64,SS,San Salvador,,
1010,64,SV,San Vicente,,
1011,64,SA,Santa Ana,,
1012,64,SO,Sonsonate,,
1013,64,US,Usulutan,,
1014,65,AN,Provincia Annobon,,
1015,65,BN,Provincia Bioko Norte,,
1016,65,BS,Provincia Bioko Sur,,
1017,65,CS,Provincia Centro Sur,,
1018,65,KN,Provincia Kie-Ntem,,
1019,65,LI,Provincia Litoral,,
1020,65,WN,Provincia Wele-Nzas,,
1021,66,MA,Central (Maekel),,
1022,66,KE,Anseba (Keren),,
1023,66,DK,Southern Red Sea (Debub-Keih-Bahri),,
1024,66,SK,Northern Red Sea (Semien-Keih-Bahri),,
1025,66,DE,Southern (Debub),,
1026,66,BR,Gash-Barka (Barentu),,
1027,67,HA,Harjumaa (Tallinn),,
1028,67,HI,Hiiumaa (Kardla),,
1029,67,IV,Ida-Virumaa (Johvi),,
1030,67,JA,Jarvamaa (Paide),,
1031,67,JO,Jogevamaa (Jogeva),,
1032,67,LV,Laane-Virumaa (Rakvere),,
1033,67,LA,Laanemaa (Haapsalu),,
1034,67,PA,Parnumaa (Parnu),,
1035,67,PO,Polvamaa (Polva),,
1036,67,RA,Raplamaa (Rapla),,
1037,67,SA,Saaremaa (Kuessaare),,
1038,67,TA,Tartumaa (Tartu),,
1039,67,VA,Valgamaa (Valga),,
1040,67,VI,Viljandimaa (Viljandi),,
1041,67,VO,Vorumaa (Voru),,
1042,68,AF,Afar,,
1043,68,AH,Amhara,,
1044,68,BG,Benishangul-Gumaz,,
1045,68,GB,Gambela,,
1046,68,HR,Hariai,,
1047,68,OR,Oromia,,
1048,68,SM,Somali,,
1049,68,SN,Southern Nations - Nationalities and Peoples Region,,
1050,68,TG,Tigray,,
1051,68,AA,Addis Ababa,,
1052,68,DD,Dire Dawa,,
1053,71,C,Central Division,,
1054,71,N,Northern Division,,
1055,71,E,Eastern Division,,
1056,71,W,Western Division,,
1057,71,R,Rotuma,,
1058,72,AL,Ahvenanmaan Laani,,
1059,72,ES,Etela-Suomen Laani,,
1060,72,IS,Ita-Suomen Laani,,
1061,72,LS,Lansi-Suomen Laani,,
1062,72,LA,Lapin Lanani,,
1063,72,OU,Oulun Laani,,
1064,73,AL,Alsace,,
1065,73,AQ,Aquitaine,,
1066,73,AU,Auvergne,,
1067,73,BR,Brittany,,
1068,73,BU,Burgundy,,
1069,73,CE,Center Loire Valley,,
1070,73,CH,Champagne,,
1071,73,CO,Corse,,
1072,73,FR,France Comte,,
1073,73,LA,Languedoc Roussillon,,
1074,73,LI,Limousin,,
1075,73,LO,Lorraine,,
1076,73,MI,Midi Pyrenees,,
1077,73,NO,Nord Pas de Calais,,
1078,73,NR,Normandy,,
1079,73,PA,Paris / Ill de France,,
1080,73,PI,Picardie,,
1081,73,PO,Poitou Charente,,
1082,73,PR,Provence,,
1083,73,RH,Rhone Alps,,
1084,73,RI,Riviera,,
1085,73,WE,Western Loire Valley,,
1086,74,Et,Etranger,,
1087,74,1,Ain,,
1088,74,2,Aisne,,
1089,74,3,Allier,,
1090,74,4,Alpes de Haute Provence,,
1091,74,5,Hautes-Alpes,,
1092,74,6,Alpes Maritimes,,
1093,74,7,Ard&egrave,che,
1094,74,8,Ardennes,,
1095,74,9,Ari&egrave,ge,
1096,74,10,Aube,,
1097,74,11,Aude,,
1098,74,12,Aveyron,,
1099,74,13,Bouches du Rh&ocirc,ne,
1100,74,14,Calvados,,
1101,74,15,Cantal,,
1102,74,16,Charente,,
1103,74,17,Charente Maritime,,
1104,74,18,Cher,,
1105,74,19,Corr&egrave,ze,
1106,74,2A,Corse du Sud,,
1107,74,2B,Haute Corse,,
1108,74,21,C&ocirc,te d'or,
1109,74,22,C&ocirc,tes d'Armor,
1110,74,23,Creuse,,
1111,74,24,Dordogne,,
1112,74,25,Doubs,,
1113,74,26,Dr&ocirc,me,
1114,74,27,Eure,,
1115,74,28,Eure et Loir,,
1116,74,29,Finist&egrave,re,
1117,74,30,Gard,,
1118,74,31,Haute Garonne,,
1119,74,32,Gers,,
1120,74,33,Gironde,,
1121,74,34,H&eacute,rault,
1122,74,35,Ille et Vilaine,,
1123,74,36,Indre,,
1124,74,37,Indre et Loire,,
1125,74,38,Is&eacute,re,
1126,74,39,Jura,,
1127,74,40,Landes,,
1128,74,41,Loir et Cher,,
1129,74,42,Loire,,
1130,74,43,Haute Loire,,
1131,74,44,Loire Atlantique,,
1132,74,45,Loiret,,
1133,74,46,Lot,,
1134,74,47,Lot et Garonne,,
1135,74,48,Loz&egrave,re,
1136,74,49,Maine et Loire,,
1137,74,50,Manche,,
1138,74,51,Marne,,
1139,74,52,Haute Marne,,
1140,74,53,Mayenne,,
1141,74,54,Meurthe et Moselle,,
1142,74,55,Meuse,,
1143,74,56,Morbihan,,
1144,74,57,Moselle,,
1145,74,58,Ni&egrave,vre,
1146,74,59,Nord,,
1147,74,60,Oise,,
1148,74,61,Orne,,
1149,74,62,Pas de Calais,,
1150,74,63,Puy de D&ocirc,me,
1151,74,64,Pyr&eacute,n&eacute,es Atlantiques
1152,74,65,Hautes Pyr&eacute,n&eacute,es
1153,74,66,Pyr&eacute,n&eacute,es Orientales
1154,74,67,Bas Rhin,,
1155,74,68,Haut Rhin,,
1156,74,69,Rh&ocirc,ne,
1157,74,70,Haute Sa&ocirc,ne,
1158,74,71,Sa&ocirc,ne et Loire,
1159,74,72,Sarthe,,
1160,74,73,Savoie,,
1161,74,74,Haute Savoie,,
1162,74,75,Paris,,
1163,74,76,Seine Maritime,,
1164,74,77,Seine et Marne,,
1165,74,78,Yvelines,,
1166,74,79,Deux S&egrave,vres,
1167,74,80,Somme,,
1168,74,81,Tarn,,
1169,74,82,Tarn et Garonne,,
1170,74,83,Var,,
1171,74,84,Vaucluse,,
1172,74,85,Vend&eacute,e,
1173,74,86,Vienne,,
1174,74,87,Haute Vienne,,
1175,74,88,Vosges,,
1176,74,89,Yonne,,
1177,74,90,Territoire de Belfort,,
1178,74,91,Essonne,,
1179,74,92,Hauts de Seine,,
1180,74,93,Seine St-Denis,,
1181,74,94,Val de Marne,,
1182,74,95,Val d'Oise,,
1183,76,M,Archipel des Marquises,,
1184,76,T,Archipel des Tuamotu,,
1185,76,I,Archipel des Tubuai,,
1186,76,V,Iles du Vent,,
1187,76,S,Iles Sous-le-Vent ,,
1188,77,C,Iles Crozet,,
1189,77,K,Iles Kerguelen,,
1190,77,A,Ile Amsterdam,,
1191,77,P,Ile Saint-Paul,,
1192,77,D,Adelie Land,,
1193,78,ES,Estuaire,,
1194,78,HO,Haut-Ogooue,,
1195,78,MO,Moyen-Ogooue,,
1196,78,NG,Ngounie,,
1197,78,NY,Nyanga,,
1198,78,OI,Ogooue-Ivindo,,
1199,78,OL,Ogooue-Lolo,,
1200,78,OM,Ogooue-Maritime,,
1201,78,WN,Woleu-Ntem,,
1202,79,BJ,Banjul,,
1203,79,BS,Basse,,
1204,79,BR,Brikama,,
1205,79,JA,Janjangbure,,
1206,79,KA,Kanifeng,,
1207,79,KE,Kerewan,,
1208,79,KU,Kuntaur,,
1209,79,MA,Mansakonko,,
1210,79,LR,Lower River,,
1211,79,CR,Central River,,
1212,79,NB,North Bank,,
1213,79,UR,Upper River,,
1214,79,WE,Western,,
1215,80,AB,Abkhazia,,
1216,80,AJ,Ajaria,,
1217,80,TB,Tbilisi,,
1218,80,GU,Guria,,
1219,80,IM,Imereti,,
1220,80,KA,Kakheti,,
1221,80,KK,Kvemo Kartli,,
1222,80,MM,Mtskheta-Mtianeti,,
1223,80,RL,Racha Lechkhumi and Kvemo Svaneti,,
1224,80,SZ,Samegrelo-Zemo Svaneti,,
1225,80,SJ,Samtskhe-Javakheti,,
1226,80,SK,Shida Kartli,,
1227,81,BAW,Baden-W&uuml,rttemberg,
1228,81,BAY,Bayern,,
1229,81,BER,Berlin,,
1230,81,BRG,Brandenburg,,
1231,81,BRE,Bremen,,
1232,81,HAM,Hamburg,,
1233,81,HES,Hessen,,
1234,81,MEC,Mecklenburg-Vorpommern,,
1235,81,NDS,Niedersachsen,,
1236,81,NRW,Nordrhein-Westfalen,,
1237,81,RHE,Rheinland-Pfalz,,
1238,81,SAR,Saarland,,
1239,81,SAS,Sachsen,,
1240,81,SAC,Sachsen-Anhalt,,
1241,81,SCN,Schleswig-Holstein,,
1242,81,THE,Th&uuml,ringen,
1243,82,AS,Ashanti Region,,
1244,82,BA,Brong-Ahafo Region,,
1245,82,CE,Central Region,,
1246,82,EA,Eastern Region,,
1247,82,GA,Greater Accra Region,,
1248,82,NO,Northern Region,,
1249,82,UE,Upper East Region,,
1250,82,UW,Upper West Region,,
1251,82,VO,Volta Region,,
1252,82,WE,Western Region,,
1253,84,AT,Attica,,
1254,84,CN,Central Greece,,
1255,84,CM,Central Macedonia,,
1256,84,CR,Crete,,
1257,84,EM,East Macedonia and Thrace,,
1258,84,EP,Epirus,,
1259,84,II,Ionian Islands,,
1260,84,NA,North Aegean,,
1261,84,PP,Peloponnesos,,
1262,84,SA,South Aegean,,
1263,84,TH,Thessaly,,
1264,84,WG,West Greece,,
1265,84,WM,West Macedonia,,
1266,85,A,Avannaa,,
1267,85,T,Tunu ,,
1268,85,K,Kitaa,,
1269,86,A,Saint Andrew,,
1270,86,D,Saint David,,
1271,86,G,Saint George,,
1272,86,J,Saint John,,
1273,86,M,Saint Mark,,
1274,86,P,Saint Patrick,,
1275,86,C,Carriacou,,
1276,86,Q,Petit Martinique,,
1277,89,AV,Alta Verapaz,,
1278,89,BV,Baja Verapaz,,
1279,89,CM,Chimaltenango,,
1280,89,CQ,Chiquimula,,
1281,89,PE,El Peten,,
1282,89,PR,El Progreso,,
1283,89,QC,El Quiche,,
1284,89,ES,Escuintla,,
1285,89,GU,Guatemala,,
1286,89,HU,Huehuetenango,,
1287,89,IZ,Izabal,,
1288,89,JA,Jalapa,,
1289,89,JU,Jutiapa,,
1290,89,QZ,Quetzaltenango,,
1291,89,RE,Retalhuleu,,
1292,89,ST,Sacatepequez,,
1293,89,SM,San Marcos,,
1294,89,SR,Santa Rosa,,
1295,89,SO,Solola,,
1296,89,SU,Suchitepequez,,
1297,89,TO,Totonicapan,,
1298,89,ZA,Zacapa,,
1299,90,CNK,Conakry,,
1300,90,BYL,Beyla,,
1301,90,BFA,Boffa,,
1302,90,BOK,Boke,,
1303,90,COY,Coyah,,
1304,90,DBL,Dabola,,
1305,90,DLB,Dalaba,,
1306,90,DGR,Dinguiraye,,
1307,90,DBR,Dubreka,,
1308,90,FRN,Faranah,,
1309,90,FRC,Forecariah,,
1310,90,FRI,Fria,,
1311,90,GAO,Gaoual,,
1312,90,GCD,Gueckedou,,
1313,90,KNK,Kankan,,
1314,90,KRN,Kerouane,,
1315,90,KND,Kindia,,
1316,90,KSD,Kissidougou,,
1317,90,KBA,Koubia,,
1318,90,KDA,Koundara,,
1319,90,KRA,Kouroussa,,
1320,90,LAB,Labe,,
1321,90,LLM,Lelouma,,
1322,90,LOL,Lola,,
1323,90,MCT,Macenta,,
1324,90,MAL,Mali,,
1325,90,MAM,Mamou,,
1326,90,MAN,Mandiana,,
1327,90,NZR,Nzerekore,,
1328,90,PIT,Pita,,
1329,90,SIG,Siguiri,,
1330,90,TLM,Telimele,,
1331,90,TOG,Tougue,,
1332,90,YOM,Yomou,,
1333,91,BF,Bafata Region,,
1334,91,BB,Biombo Region,,
1335,91,BS,Bissau Region,,
1336,91,BL,Bolama Region,,
1337,91,CA,Cacheu Region,,
1338,91,GA,Gabu Region,,
1339,91,OI,Oio Region,,
1340,91,QU,Quinara Region,,
1341,91,TO,Tombali Region,,
1342,92,BW,Barima-Waini,,
1343,92,CM,Cuyuni-Mazaruni,,
1344,92,DM,Demerara-Mahaica,,
1345,92,EC,East Berbice-Corentyne,,
1346,92,EW,Essequibo Islands-West Demerara,,
1347,92,MB,Mahaica-Berbice,,
1348,92,PM,Pomeroon-Supenaam,,
1349,92,PI,Potaro-Siparuni,,
1350,92,UD,Upper Demerara-Berbice,,
1351,92,UT,Upper Takutu-Upper Essequibo,,
1352,93,AR,Artibonite,,
1353,93,CE,Centre,,
1354,93,GA,Grand'Anse,,
1355,93,ND,Nord,,
1356,93,NE,Nord-Est,,
1357,93,NO,Nord-Ouest,,
1358,93,OU,Ouest,,
1359,93,SD,Sud,,
1360,93,SE,Sud-Est,,
1361,94,F,Flat Island,,
1362,94,M,McDonald Island,,
1363,94,S,Shag Island,,
1364,94,H,Heard Island,,
1365,95,AT,Atlantida,,
1366,95,CH,Choluteca,,
1367,95,CL,Colon,,
1368,95,CM,Comayagua,,
1369,95,CP,Copan,,
1370,95,CR,Cortes,,
1371,95,PA,El Paraiso,,
1372,95,FM,Francisco Morazan,,
1373,95,GD,Gracias a Dios,,
1374,95,IN,Intibuca,,
1375,95,IB,Islas de la Bahia (Bay Islands),,
1376,95,PZ,La Paz,,
1377,95,LE,Lempira,,
1378,95,OC,Ocotepeque,,
1379,95,OL,Olancho,,
1380,95,SB,Santa Barbara,,
1381,95,VA,Valle,,
1382,95,YO,Yoro,,
1383,96,HCW,Central and Western Hong Kong Island,,
1384,96,HEA,Eastern Hong Kong Island,,
1385,96,HSO,Southern Hong Kong Island,,
1386,96,HWC,Wan Chai Hong Kong Island,,
1387,96,KKC,Kowloon City Kowloon,,
1388,96,KKT,Kwun Tong Kowloon,,
1389,96,KSS,Sham Shui Po Kowloon,,
1390,96,KWT,Wong Tai Sin Kowloon,,
1391,96,KYT,Yau Tsim Mong Kowloon,,
1392,96,NIS,Islands New Territories,,
1393,96,NKT,Kwai Tsing New Territories,,
1394,96,NNO,North New Territories,,
1395,96,NSK,Sai Kung New Territories,,
1396,96,NST,Sha Tin New Territories,,
1397,96,NTP,Tai Po New Territories,,
1398,96,NTW,Tsuen Wan New Territories,,
1399,96,NTM,Tuen Mun New Territories,,
1400,96,NYL,Yuen Long New Territories,,
1401,97,BK,Bacs-Kiskun,,
1402,97,BA,Baranya,,
1403,97,BE,Bekes,,
1404,97,BS,Bekescsaba,,
1405,97,BZ,Borsod-Abauj-Zemplen,,
1406,97,BU,Budapest,,
1407,97,CS,Csongrad,,
1408,97,DE,Debrecen,,
1409,97,DU,Dunaujvaros,,
1410,97,EG,Eger,,
1411,97,FE,Fejer,,
1412,97,GY,Gyor,,
1413,97,GM,Gyor-Moson-Sopron,,
1414,97,HB,Hajdu-Bihar,,
1415,97,HE,Heves,,
1416,97,HO,Hodmezovasarhely,,
1417,97,JN,Jasz-Nagykun-Szolnok,,
1418,97,KA,Kaposvar,,
1419,97,KE,Kecskemet,,
1420,97,KO,Komarom-Esztergom,,
1421,97,MI,Miskolc,,
1422,97,NA,Nagykanizsa,,
1423,97,NO,Nograd,,
1424,97,NY,Nyiregyhaza,,
1425,97,PE,Pecs,,
1426,97,PS,Pest,,
1427,97,SO,Somogy,,
1428,97,SP,Sopron,,
1429,97,SS,Szabolcs-Szatmar-Bereg,,
1430,97,SZ,Szeged,,
1431,97,SE,Szekesfehervar,,
1432,97,SL,Szolnok,,
1433,97,SM,Szombathely,,
1434,97,TA,Tatabanya,,
1435,97,TO,Tolna,,
1436,97,VA,Vas,,
1437,97,VE,Veszprem,,
1438,97,ZA,Zala,,
1439,97,ZZ,Zalaegerszeg,,
1440,98,AL,Austurland,,
1441,98,HF,Hofuoborgarsvaeoi,,
1442,98,NE,Norourland eystra,,
1443,98,NV,Norourland vestra,,
1444,98,SL,Suourland,,
1445,98,SN,Suournes,,
1446,98,VF,Vestfiroir,,
1447,98,VL,Vesturland,,
1448,99,AN,Andaman and Nicobar Islands,,
1449,99,AP,Andhra Pradesh,,
1450,99,AR,Arunachal Pradesh,,
1451,99,AS,Assam,,
1452,99,BI,Bihar,,
1453,99,CH,Chandigarh,,
1454,99,DA,Dadra and Nagar Haveli,,
1455,99,DM,Daman and Diu,,
1456,99,DE,Delhi,,
1457,99,GO,Goa,,
1458,99,GU,Gujarat,,
1459,99,HA,Haryana,,
1460,99,HP,Himachal Pradesh,,
1461,99,JA,Jammu and Kashmir,,
1462,99,KA,Karnataka,,
1463,99,KE,Kerala,,
1464,99,LI,Lakshadweep Islands,,
1465,99,MP,Madhya Pradesh,,
1466,99,MA,Maharashtra,,
1467,99,MN,Manipur,,
1468,99,ME,Meghalaya,,
1469,99,MI,Mizoram,,
1470,99,NA,Nagaland,,
1471,99,OR,Orissa,,
1472,99,PO,Pondicherry,,
1473,99,PU,Punjab,,
1474,99,RA,Rajasthan,,
1475,99,SI,Sikkim,,
1476,99,TN,Tamil Nadu,,
1477,99,TR,Tripura,,
1478,99,UP,Uttar Pradesh,,
1479,99,WB,West Bengal,,
1480,100,DA,Daista Aceh,,
1481,100,SU,Sumatera Utara,,
1482,100,SB,Sumatera Barat,,
1483,100,SI,Riau,,
1484,100,JA,Jambi,,
1485,100,SS,Sumatera Selatan,,
1486,100,BE,Bengkulu,,
1487,100,LA,Lampung,,
1488,100,JK,Dki Jakarta,,
1489,100,JB,Jawa Barat,,
1490,100,JT,Jawa Tengah,,
1491,100,DY,Daista Yogyakarta,,
1492,100,JT,Jawa Timur,,
1493,100,KB,Kalimantan Barat,,
1494,100,KT,Kalimantan Tengah,,
1495,100,KI,Kalimantan Timur,,
1496,100,KS,Kalimantan Selatan,,
1497,100,BA,Bali,,
1498,100,NB,Nusa Tenggara Barat,,
1499,100,NT,Nusa Tenggara Timur,,
1500,100,SN,Sulawesi Selatan,,
1501,100,ST,Sulawesi Tengah,,
1502,100,SA,Sulawesi Utara,,
1503,100,SG,Sulawesi Tenggara,,
1504,100,MA,Maluku,,
1505,100,MU,Maluku Utara,,
1506,100,IJ,Irian Jaya Timur,,
1507,100,IT,Irian Jaya Tengah,,
1508,100,IB,Irian Jawa Barat,,
1509,100,BT,Banten,,
1510,100,BB,Bangka Belitung,,
1511,100,GO,Gorontalo,,
1512,101,TEH,Tehran,,
1513,101,QOM,Qom,,
1514,101,MKZ,Markazi,,
1515,101,QAZ,Qazvin,,
1516,101,GIL,Gilan,,
1517,101,ARD,Ardabil,,
1518,101,ZAN,Zanjan,,
1519,101,EAZ,East Azarbaijan,,
1520,101,WEZ,West Azarbaijan,,
1521,101,KRD,Kurdistan,,
1522,101,HMD,Hamadan,,
1523,101,KRM,Kermanshah,,
1524,101,ILM,Ilam,,
1525,101,LRS,Lorestan,,
1526,101,KZT,Khuzestan,,
1527,101,CMB,Chahar Mahaal and Bakhtiari,,
1528,101,KBA,Kohkiluyeh and Buyer Ahmad,,
1529,101,BSH,Bushehr,,
1530,101,FAR,Fars,,
1531,101,HRM,Hormozgan,,
1532,101,SBL,Sistan and Baluchistan,,
1533,101,KRB,Kerman,,
1534,101,YZD,Yazd,,
1535,101,EFH,Esfahan,,
1536,101,SMN,Semnan,,
1537,101,MZD,Mazandaran,,
1538,101,GLS,Golestan,,
1539,101,NKH,North Khorasan,,
1540,101,RKH,Razavi Khorasan,,
1541,101,SKH,South Khorasan,,
1542,102,BD,Baghdad,,
1543,102,SD,Salah ad Din,,
1544,102,DY,Diyala,,
1545,102,WS,Wasit,,
1546,102,MY,Maysan,,
1547,102,BA,Al Basrah,,
1548,102,DQ,Dhi Qar,,
1549,102,MU,Al Muthanna,,
1550,102,QA,Al Qadisyah,,
1551,102,BB,Babil,,
1552,102,KB,Al Karbala,,
1553,102,NJ,An Najaf,,
1554,102,AB,Al Anbar,,
1555,102,NN,Ninawa,,
1556,102,DH,Dahuk,,
1557,102,AL,Arbil,,
1558,102,TM,At Ta'mim,,
1559,102,SL,As Sulaymaniyah,,
1560,103,CA,Carlow,,
1561,103,CV,Cavan,,
1562,103,CL,Clare,,
1563,103,CO,Cork,,
1564,103,DO,Donegal,,
1565,103,DU,Dublin,,
1566,103,GA,Galway,,
1567,103,KE,Kerry,,
1568,103,KI,Kildare,,
1569,103,KL,Kilkenny,,
1570,103,LA,Laois,,
1571,103,LE,Leitrim,,
1572,103,LI,Limerick,,
1573,103,LO,Longford,,
1574,103,LU,Louth,,
1575,103,MA,Mayo,,
1576,103,ME,Meath,,
1577,103,MO,Monaghan,,
1578,103,OF,Offaly,,
1579,103,RO,Roscommon,,
1580,103,SL,Sligo,,
1581,103,TI,Tipperary,,
1582,103,WA,Waterford,,
1583,103,WE,Westmeath,,
1584,103,WX,Wexford,,
1585,103,WI,Wicklow,,
1586,104,BS,Be'er Sheva,,
1587,104,BH,Bika'at Hayarden,,
1588,104,EA,Eilat and Arava,,
1589,104,GA,Galil,,
1590,104,HA,Haifa,,
1591,104,JM,Jehuda Mountains,,
1592,104,JE,Jerusalem,,
1593,104,NE,Negev,,
1594,104,SE,Semaria,,
1595,104,SH,Sharon,,
1596,104,TA,Tel Aviv (Gosh Dan),,
1597,105,AG,Agrigento,,
1598,105,AL,Alessandria,,
1599,105,AN,Ancona,,
1600,105,AO,Aosta,,
1601,105,AR,Arezzo,,
1602,105,AP,Ascoli Piceno,,
1603,105,AT,Asti,,
1604,105,AV,Avellino,,
1605,105,BA,Bari,,
1606,105,BT,Barletta-Andria-Trani,,
1607,105,BL,Belluno,,
1608,105,BN,Benevento,,
1609,105,BG,Bergamo,,
1610,105,BI,Biella,,
1611,105,BO,Bologna,,
1612,105,BZ,Bolzano,,
1613,105,BS,Brescia,,
1614,105,BR,Brindisi,,
1615,105,CA,Cagliari,,
1616,105,CL,Caltanissetta,,
1617,105,CB,Campobasso,,
1618,105,CI,Carbonia-Iglesias,,
1619,105,CE,Caserta,,
1620,105,CT,Catania,,
1621,105,CZ,Catanzaro,,
1622,105,CH,Chieti,,
1623,105,CO,Como,,
1624,105,CS,Cosenza,,
1625,105,CR,Cremona,,
1626,105,KR,Crotone,,
1627,105,CN,Cuneo,,
1628,105,EN,Enna,,
1629,105,FM,Fermo,,
1630,105,FE,Ferrara,,
1631,105,FI,Firenze,,
1632,105,FG,Foggia,,
1633,105,FC,Forl�-Cesena,,
1634,105,FR,Frosinone,,
1635,105,GE,Genova,,
1636,105,GO,Gorizia,,
1637,105,GR,Grosseto,,
1638,105,IM,Imperia,,
1639,105,IS,Isernia,,
1640,105,AQ,La Spezia,,
1641,105,SP,L'Aquila,,
1642,105,LT,Latina,,
1643,105,LE,Lecce,,
1644,105,LC,Lecco,,
1645,105,LI,Livorno,,
1646,105,LO,Lodi,,
1647,105,LU,Lucca,,
1648,105,MC,Macerata,,
1649,105,MN,Mantova,,
1650,105,MS,Massa-Carrara,,
1651,105,MT,Matera,,
1652,105,VS,Medio Campidano,,
1653,105,ME,Messina,,
1654,105,MI,Milano,,
1655,105,MO,Modena,,
1656,105,MB,Monza e Brianza,,
1657,105,NA,Napoli,,
1658,105,NO,Novara,,
1659,105,NU,Nuoro,,
1660,105,OG,Ogliastra,,
1661,105,OT,Olbia-Tempio,,
1662,105,OR,Oristano,,
1663,105,PD,Padova,,
1664,105,PA,Palermo,,
1665,105,PR,Parma,,
1666,105,PV,Pavia,,
1667,105,PG,Perugia,,
1668,105,PU,Pesaro e Urbino,,
1669,105,PE,Pescara,,
1670,105,PC,Piacenza,,
1671,105,PI,Pisa,,
1672,105,PT,Pistoia,,
1673,105,PN,Pordenone,,
1674,105,PZ,Potenza,,
1675,105,PO,Prato,,
1676,105,RG,Ragusa,,
1677,105,RA,Ravenna,,
1678,105,RC,Reggio Calabria,,
1679,105,RE,Reggio Emilia,,
1680,105,RI,Rieti,,
1681,105,RN,Rimini,,
1682,105,RM,Roma,,
1683,105,RO,Rovigo,,
1684,105,SA,Salerno,,
1685,105,SS,Sassari,,
1686,105,SV,Savona,,
1687,105,SI,Siena,,
1688,105,SR,Siracusa,,
1689,105,SO,Sondrio,,
1690,105,TA,Taranto,,
1691,105,TE,Teramo,,
1692,105,TR,Terni,,
1693,105,TR,Torino,,
1694,105,TP,Trapani,,
1695,105,TN,Trento,,
1696,105,TV,Treviso,,
1697,105,TS,Trieste,,
1698,105,UD,Udine,,
1699,105,VA,Varese,,
1700,106,CLA,Clarendon Parish,,
1701,106,HAN,Hanover Parish,,
1702,106,KIN,Kingston Parish,,
1703,106,MAN,Manchester Parish,,
1704,106,POR,Portland Parish,,
1705,106,AND,Saint Andrew Parish,,
1706,106,ANN,Saint Ann Parish,,
1707,106,CAT,Saint Catherine Parish,,
1708,106,ELI,Saint Elizabeth Parish,,
1709,106,JAM,Saint James Parish,,
1710,106,MAR,Saint Mary Parish,,
1711,106,THO,Saint Thomas Parish,,
1712,106,TRL,Trelawny Parish,,
1713,106,WML,Westmoreland Parish,,
1714,107,AI,Aichi,,
1715,107,AK,Akita,,
1716,107,AO,Aomori,,
1717,107,CH,Chiba,,
1718,107,EH,Ehime,,
1719,107,FK,Fukui,,
1720,107,FU,Fukuoka,,
1721,107,FS,Fukushima,,
1722,107,GI,Gifu,,
1723,107,GU,Gumma,,
1724,107,HI,Hiroshima,,
1725,107,HO,Hokkaido,,
1726,107,HY,Hyogo,,
1727,107,IB,Ibaraki,,
1728,107,IS,Ishikawa,,
1729,107,IW,Iwate,,
1730,107,KA,Kagawa,,
1731,107,KG,Kagoshima,,
1732,107,KN,Kanagawa,,
1733,107,KO,Kochi,,
1734,107,KU,Kumamoto,,
1735,107,KY,Kyoto,,
1736,107,MI,Mie,,
1737,107,MY,Miyagi,,
1738,107,MZ,Miyazaki,,
1739,107,NA,Nagano,,
1740,107,NG,Nagasaki,,
1741,107,NR,Nara,,
1742,107,NI,Niigata,,
1743,107,OI,Oita,,
1744,107,OK,Okayama,,
1745,107,ON,Okinawa,,
1746,107,OS,Osaka,,
1747,107,SA,Saga,,
1748,107,SI,Saitama,,
1749,107,SH,Shiga,,
1750,107,SM,Shimane,,
1751,107,SZ,Shizuoka,,
1752,107,TO,Tochigi,,
1753,107,TS,Tokushima,,
1754,107,TK,Tokyo,,
1755,107,TT,Tottori,,
1756,107,TY,Toyama,,
1757,107,WA,Wakayama,,
1758,107,YA,Yamagata,,
1759,107,YM,Yamaguchi,,
1760,107,YN,Yamanashi,,
1761,108,AM,'Amman,,
1762,108,AJ,Ajlun,,
1763,108,AA,Al 'Aqabah,,
1764,108,AB,Al Balqa',,
1765,108,AK,Al Karak,,
1766,108,AL,Al Mafraq,,
1767,108,AT,At Tafilah,,
1768,108,AZ,Az Zarqa',,
1769,108,IR,Irbid,,
1770,108,JA,Jarash,,
1771,108,MA,Ma'an,,
1772,108,MD,Madaba,,
1773,109,AL,Almaty,,
1774,109,AC,Almaty City,,
1775,109,AM,Aqmola,,
1776,109,AQ,Aqtobe,,
1777,109,AS,Astana City,,
1778,109,AT,Atyrau,,
1779,109,BA,Batys Qazaqstan,,
1780,109,BY,Bayqongyr City,,
1781,109,MA,Mangghystau,,
1782,109,ON,Ongtustik Qazaqstan,,
1783,109,PA,Pavlodar,,
1784,109,QA,Qaraghandy,,
1785,109,QO,Qostanay,,
1786,109,QY,Qyzylorda,,
1787,109,SH,Shyghys Qazaqstan,,
1788,109,SO,Soltustik Qazaqstan,,
1789,109,ZH,Zhambyl,,
1790,110,CE,Central,,
1791,110,CO,Coast,,
1792,110,EA,Eastern,,
1793,110,NA,Nairobi Area,,
1794,110,NE,North Eastern,,
1795,110,NY,Nyanza,,
1796,110,RV,Rift Valley,,
1797,110,WE,Western,,
1798,111,AG,Abaiang,,
1799,111,AM,Abemama,,
1800,111,AK,Aranuka,,
1801,111,AO,Arorae,,
1802,111,BA,Banaba,,
1803,111,BE,Beru,,
1804,111,bT,Butaritari,,
1805,111,KA,Kanton,,
1806,111,KR,Kiritimati,,
1807,111,KU,Kuria,,
1808,111,MI,Maiana,,
1809,111,MN,Makin,,
1810,111,ME,Marakei,,
1811,111,NI,Nikunau,,
1812,111,NO,Nonouti,,
1813,111,ON,Onotoa,,
1814,111,TT,Tabiteuea,,
1815,111,TR,Tabuaeran,,
1816,111,TM,Tamana,,
1817,111,TW,Tarawa,,
1818,111,TE,Teraina,,
1819,112,CHA,Chagang-do,,
1820,112,HAB,Hamgyong-bukto,,
1821,112,HAN,Hamgyong-namdo,,
1822,112,HWB,Hwanghae-bukto,,
1823,112,HWN,Hwanghae-namdo,,
1824,112,KAN,Kangwon-do,,
1825,112,PYB,P'yongan-bukto,,
1826,112,PYN,P'yongan-namdo,,
1827,112,YAN,Ryanggang-do (Yanggang-do),,
1828,112,NAJ,Rason Directly Governed City,,
1829,112,PYO,P'yongyang Special City,,
1830,113,CO,Ch'ungch'ong-bukto,,
1831,113,CH,Ch'ungch'ong-namdo,,
1832,113,CD,Cheju-do,,
1833,113,CB,Cholla-bukto,,
1834,113,CN,Cholla-namdo,,
1835,113,IG,Inch'on-gwangyoksi,,
1836,113,KA,Kangwon-do,,
1837,113,KG,Kwangju-gwangyoksi,,
1838,113,KD,Kyonggi-do,,
1839,113,KB,Kyongsang-bukto,,
1840,113,KN,Kyongsang-namdo,,
1841,113,PG,Pusan-gwangyoksi,,
1842,113,SO,Soul-t'ukpyolsi,,
1843,113,TA,Taegu-gwangyoksi,,
1844,113,TG,Taejon-gwangyoksi,,
1845,115,AL,Al 'Asimah,,
1846,115,AA,Al Ahmadi,,
1847,115,AF,Al Farwaniyah,,
1848,115,AJ,Al Jahra',,
1849,115,HA,Hawalli,,
1850,116,GB,Bishkek,,
1851,116,B,Batken,,
1852,116,C,Chu,,
1853,116,J,Jalal-Abad,,
1854,116,N,Naryn,,
1855,116,O,Osh,,
1856,116,T,Talas,,
1857,116,Y,Ysyk-Kol,,
1858,117,VT,Vientiane,,
1859,117,AT,Attapu,,
1860,117,BK,Bokeo,,
1861,117,BL,Bolikhamxai,,
1862,117,CH,Champasak ,,
1863,117,HO,Houaphan,,
1864,117,KH,Khammouan,,
1865,117,LM,Louang Namtha,,
1866,117,LP,Louangphabang,,
1867,117,OU,Oudomxai,,
1868,117,PH,Phongsali,,
1869,117,SL,Salavan,,
1870,117,SV,Savannakhet,,
1871,117,VI,Vientiane,,
1872,117,XA,Xaignabouli,,
1873,117,XE,Xekong,,
1874,117,XI,Xiangkhoang,,
1875,117,XN,Xaisomboun,,
1876,119,AIZ,Aizkraukles Rajons,,
1877,119,ALU,Aluksnes Rajons,,
1878,119,BAL,Balvu Rajons,,
1879,119,BAU,Bauskas Rajons,,
1880,119,CES,Cesu Rajons,,
1881,119,DGR,Daugavpils Rajons,,
1882,119,DOB,Dobeles Rajons,,
1883,119,GUL,Gulbenes Rajons,,
1884,119,JEK,Jekabpils Rajons,,
1885,119,JGR,Jelgavas Rajons,,
1886,119,KRA,Kraslavas Rajons,,
1887,119,KUL,Kuldigas Rajons,,
1888,119,LPR,Liepajas Rajons,,
1889,119,LIM,Limbazu Rajons,,
1890,119,LUD,Ludzas Rajons,,
1891,119,MAD,Madonas Rajons,,
1892,119,OGR,Ogres Rajons,,
1893,119,PRE,Preilu Rajons,,
1894,119,RZR,Rezeknes Rajons,,
1895,119,RGR,Rigas Rajons,,
1896,119,SAL,Saldus Rajons,,
1897,119,TAL,Talsu Rajons,,
1898,119,TUK,Tukuma Rajons,,
1899,119,VLK,Valkas Rajons,,
1900,119,VLM,Valmieras Rajons,,
1901,119,VSR,Ventspils Rajons,,
1902,119,DGV,Daugavpils,,
1903,119,JGV,Jelgava,,
1904,119,JUR,Jurmala,,
1905,119,LPK,Liepaja,,
1906,119,RZK,Rezekne,,
1907,119,RGA,Riga,,
1908,119,VSL,Ventspils,,
1909,120,BE,Berea,,
1910,120,BB,Butha-Buthe,,
1911,120,LE,Leribe,,
1912,120,MF,Mafeteng,,
1913,120,MS,Maseru,,
1914,120,MH,Mohale's Hoek,,
1915,120,MK,Mokhotlong,,
1916,120,QN,Qacha's Nek,,
1917,120,QT,Quthing,,
1918,120,TT,Thaba-Tseka,,
1919,121,BI,Bomi,,
1920,121,BG,Bong,,
1921,121,GB,Grand Bassa,,
1922,121,CM,Grand Cape Mount,,
1923,121,GG,Grand Gedeh,,
1924,121,GK,Grand Kru,,
1925,121,LO,Lofa,,
1926,121,MG,Margibi,,
1927,121,ML,Maryland,,
1928,121,MS,Montserrado,,
1929,121,NB,Nimba,,
1930,121,RC,River Cess,,
1931,121,SN,Sinoe,,
1932,122,AJ,Ajdabiya,,
1933,122,AZ,Al 'Aziziyah,,
1934,122,FA,Al Fatih,,
1935,122,JA,Al Jabal al Akhdar,,
1936,122,JU,Al Jufrah,,
1937,122,KH,Al Khums,,
1938,122,KU,Al Kufrah,,
1939,122,NK,An Nuqat al Khams,,
1940,122,AS,Ash Shati',,
1941,122,AW,Awbari,,
1942,122,ZA,Az Zawiyah,,
1943,122,BA,Banghazi,,
1944,122,DA,Darnah,,
1945,122,GD,Ghadamis,,
1946,122,GY,Gharyan,,
1947,122,MI,Misratah,,
1948,122,MZ,Murzuq,,
1949,122,SB,Sabha,,
1950,122,SW,Sawfajjin,,
1951,122,SU,Surt,,
1952,122,TL,Tarabulus (Tripoli),,
1953,122,TH,Tarhunah,,
1954,122,TU,Tubruq,,
1955,122,YA,Yafran,,
1956,122,ZL,Zlitan,,
1957,123,V,Vaduz,,
1958,123,A,Schaan,,
1959,123,B,Balzers,,
1960,123,N,Triesen,,
1961,123,E,Eschen,,
1962,123,M,Mauren,,
1963,123,T,Triesenberg,,
1964,123,R,Ruggell,,
1965,123,G,Gamprin,,
1966,123,L,Schellenberg,,
1967,123,P,Planken,,
1968,124,AL,Alytus,,
1969,124,KA,Kaunas,,
1970,124,KL,Klaipeda,,
1971,124,MA,Marijampole,,
1972,124,PA,Panevezys,,
1973,124,SI,Siauliai,,
1974,124,TA,Taurage,,
1975,124,TE,Telsiai,,
1976,124,UT,Utena,,
1977,124,VI,Vilnius,,
1978,125,DD,Diekirch,,
1979,125,DC,Clervaux,,
1980,125,DR,Redange,,
1981,125,DV,Vianden,,
1982,125,DW,Wiltz,,
1983,125,GG,Grevenmacher,,
1984,125,GE,Echternach,,
1985,125,GR,Remich,,
1986,125,LL,Luxembourg,,
1987,125,LC,Capellen,,
1988,125,LE,Esch-sur-Alzette,,
1989,125,LM,Mersch,,
1990,126,OLF,Our Lady Fatima Parish,,
1991,126,ANT,St. Anthony Parish,,
1992,126,LAZ,St. Lazarus Parish,,
1993,126,CAT,Cathedral Parish,,
1994,126,LAW,St. Lawrence Parish,,
1995,128,AN,Antananarivo,,
1996,128,AS,Antsiranana,,
1997,128,FN,Fianarantsoa,,
1998,128,MJ,Mahajanga,,
1999,128,TM,Toamasina,,
2000,128,TL,Toliara,,
2001,129,BLK,Balaka,,
2002,129,BLT,Blantyre,,
2003,129,CKW,Chikwawa,,
2004,129,CRD,Chiradzulu,,
2005,129,CTP,Chitipa,,
2006,129,DDZ,Dedza,,
2007,129,DWA,Dowa,,
2008,129,KRG,Karonga,,
2009,129,KSG,Kasungu,,
2010,129,LKM,Likoma,,
2011,129,LLG,Lilongwe,,
2012,129,MCG,Machinga,,
2013,129,MGC,Mangochi,,
2014,129,MCH,Mchinji,,
2015,129,MLJ,Mulanje,,
2016,129,MWZ,Mwanza,,
2017,129,MZM,Mzimba,,
2018,129,NTU,Ntcheu,,
2019,129,NKB,Nkhata Bay,,
2020,129,NKH,Nkhotakota,,
2021,129,NSJ,Nsanje,,
2022,129,NTI,Ntchisi,,
2023,129,PHL,Phalombe,,
2024,129,RMP,Rumphi,,
2025,129,SLM,Salima,,
2026,129,THY,Thyolo,,
2027,129,ZBA,Zomba,,
2028,130,Johor,Johor,,
2029,130,Kedah,Kedah,,
2030,130,Kelantan,Kelantan,,
2031,130,Labuan,Labuan,,
2032,130,Melaka,Melaka,,
2033,130,Negeri Sembilan,Negeri Sembilan,,
2034,130,Pahang,Pahang,,
2035,130,Perak,Perak,,
2036,130,Perlis,Perlis,,
2037,130,Pulau Pinang,Pulau Pinang,,
2038,130,Sabah,Sabah,,
2039,130,Sarawak,Sarawak,,
2040,130,Selangor,Selangor,,
2041,130,Terengganu,Terengganu,,
2042,130,Kuala Lumpur,Kuala Lumpur,,
2043,131,THU,Thiladhunmathi Uthuru,,
2044,131,THD,Thiladhunmathi Dhekunu,,
2045,131,MLU,Miladhunmadulu Uthuru,,
2046,131,MLD,Miladhunmadulu Dhekunu,,
2047,131,MAU,Maalhosmadulu Uthuru,,
2048,131,MAD,Maalhosmadulu Dhekunu,,
2049,131,FAA,Faadhippolhu,,
2050,131,MAA,Male Atoll,,
2051,131,AAU,Ari Atoll Uthuru,,
2052,131,AAD,Ari Atoll Dheknu,,
2053,131,FEA,Felidhe Atoll,,
2054,131,MUA,Mulaku Atoll,,
2055,131,NAU,Nilandhe Atoll Uthuru,,
2056,131,NAD,Nilandhe Atoll Dhekunu,,
2057,131,KLH,Kolhumadulu,,
2058,131,HDH,Hadhdhunmathi,,
2059,131,HAU,Huvadhu Atoll Uthuru,,
2060,131,HAD,Huvadhu Atoll Dhekunu,,
2061,131,FMU,Fua Mulaku,,
2062,131,ADD,Addu,,
2063,132,GA,Gao,,
2064,132,KY,Kayes,,
2065,132,KD,Kidal,,
2066,132,KL,Koulikoro,,
2067,132,MP,Mopti,,
2068,132,SG,Segou,,
2069,132,SK,Sikasso,,
2070,132,TB,Tombouctou,,
2071,132,CD,Bamako Capital District,,
2072,133,ATT,Attard,,
2073,133,BAL,Balzan,,
2074,133,BGU,Birgu,,
2075,133,BKK,Birkirkara,,
2076,133,BRZ,Birzebbuga,,
2077,133,BOR,Bormla,,
2078,133,DIN,Dingli,,
2079,133,FGU,Fgura,,
2080,133,FLO,Floriana,,
2081,133,GDJ,Gudja,,
2082,133,GZR,Gzira,,
2083,133,GRG,Gargur,,
2084,133,GXQ,Gaxaq,,
2085,133,HMR,Hamrun,,
2086,133,IKL,Iklin,,
2087,133,ISL,Isla,,
2088,133,KLK,Kalkara,,
2089,133,KRK,Kirkop,,
2090,133,LIJ,Lija,,
2091,133,LUQ,Luqa,,
2092,133,MRS,Marsa,,
2093,133,MKL,Marsaskala,,
2094,133,MXL,Marsaxlokk,,
2095,133,MDN,Mdina,,
2096,133,MEL,Melliea,,
2097,133,MGR,Mgarr,,
2098,133,MST,Mosta,,
2099,133,MQA,Mqabba,,
2100,133,MSI,Msida,,
2101,133,MTF,Mtarfa,,
2102,133,NAX,Naxxar,,
2103,133,PAO,Paola,,
2104,133,PEM,Pembroke,,
2105,133,PIE,Pieta,,
2106,133,QOR,Qormi,,
2107,133,QRE,Qrendi,,
2108,133,RAB,Rabat,,
2109,133,SAF,Safi,,
2110,133,SGI,San Giljan,,
2111,133,SLU,Santa Lucija,,
2112,133,SPB,San Pawl il-Bahar,,
2113,133,SGW,San Gwann,,
2114,133,SVE,Santa Venera,,
2115,133,SIG,Siggiewi,,
2116,133,SLM,Sliema,,
2117,133,SWQ,Swieqi,,
2118,133,TXB,Ta Xbiex,,
2119,133,TRX,Tarxien,,
2120,133,VLT,Valletta,,
2121,133,XGJ,Xgajra,,
2122,133,ZBR,Zabbar,,
2123,133,ZBG,Zebbug,,
2124,133,ZJT,Zejtun,,
2125,133,ZRQ,Zurrieq,,
2126,133,FNT,Fontana,,
2127,133,GHJ,Ghajnsielem,,
2128,133,GHR,Gharb,,
2129,133,GHS,Ghasri,,
2130,133,KRC,Kercem,,
2131,133,MUN,Munxar,,
2132,133,NAD,Nadur,,
2133,133,QAL,Qala,,
2134,133,VIC,Victoria,,
2135,133,SLA,San Lawrenz,,
2136,133,SNT,Sannat,,
2137,133,ZAG,Xagra,,
2138,133,XEW,Xewkija,,
2139,133,ZEB,Zebbug,,
2140,135,ALG,Ailinginae,,
2141,135,ALL,Ailinglaplap,,
2142,135,ALK,Ailuk,,
2143,135,ARN,Arno,,
2144,135,AUR,Aur,,
2145,135,BKR,Bikar,,
2146,135,BKN,Bikini,,
2147,135,BKK,Bokak,,
2148,135,EBN,Ebon,,
2149,135,ENT,Enewetak,,
2150,135,EKB,Erikub,,
2151,135,JBT,Jabat,,
2152,135,JLT,Jaluit,,
2153,135,JEM,Jemo,,
2154,135,KIL,Kili,,
2155,135,KWJ,Kwajalein,,
2156,135,LAE,Lae,,
2157,135,LIB,Lib,,
2158,135,LKP,Likiep,,
2159,135,MJR,Majuro,,
2160,135,MLP,Maloelap,,
2161,135,MJT,Mejit,,
2162,135,MIL,Mili,,
2163,135,NMK,Namorik,,
2164,135,NAM,Namu,,
2165,135,RGL,Rongelap,,
2166,135,RGK,Rongrik,,
2167,135,TOK,Toke,,
2168,135,UJA,Ujae,,
2169,135,UJL,Ujelang,,
2170,135,UTK,Utirik,,
2171,135,WTH,Wotho,,
2172,135,WTJ,Wotje,,
2173,136,AD,Adrar,,
2174,136,AS,Assaba,,
2175,136,BR,Brakna,,
2176,136,DN,Dakhlet Nouadhibou,,
2177,136,GO,Gorgol,,
2178,136,GM,Guidimaka,,
2179,136,HC,Hodh Ech Chargui,,
2180,136,HG,Hodh El Gharbi,,
2181,136,IN,Inchiri,,
2182,136,TA,Tagant,,
2183,136,TZ,Tiris Zemmour,,
2184,136,TR,Trarza,,
2185,136,NO,Nouakchott,,
2186,138,BR,Beau Bassin-Rose Hill,,
2187,138,CU,Curepipe,,
2188,138,PU,Port Louis,,
2189,138,QB,Quatre Bornes,,
2190,138,VP,Vacoas-Phoenix,,
2191,138,AG,Agalega Islands,,
2192,138,CC,Cargados Carajos Shoals (Saint Brandon Islands),,
2193,138,RO,Rodrigues,,
2194,138,BL,Black River,,
2195,138,FL,Flacq,,
2196,138,GP,Grand Port,,
2197,138,MO,Moka,,
2198,138,PA,Pamplemousses,,
2199,138,PW,Plaines Wilhems,,
2200,138,PL,Port Louis,,
2201,138,RR,Riviere du Rempart,,
2202,138,SA,Savanne,,
2203,139,AGU,Aguascalientes,,
2204,139,BCN,Baja California Norte,,
2205,139,BCS,Baja California Sur,,
2206,139,CAM,Campeche,,
2207,139,CHP,Chiapas,,
2208,139,CHH,Chihuahua,,
2209,139,COA,Coahuila de Zaragoza,,
2210,139,COL,Colima,,
2211,139,DIF,Distrito Federal,,
2212,139,DUR,Durango,,
2213,139,GUA,Guanajuato,,
2214,139,GRO,Guerrero,,
2215,139,HID,Hidalgo,,
2216,139,JAL,Jalisco,,
2217,139,MEX,Mexico,,
2218,139,MIC,Michoacan de Ocampo,,
2219,139,MOR,Morelos,,
2220,139,NAY,Nayarit,,
2221,139,NLE,Nuevo Leon,,
2222,139,OAX,Oaxaca,,
2223,139,PUE,Puebla,,
2224,139,QUE,Queretaro de Arteaga,,
2225,139,ROO,Quintana Roo,,
2226,139,SLP,San Luis Potosi,,
2227,139,SIN,Sinaloa,,
2228,139,SON,Sonora,,
2229,139,TAB,Tabasco,,
2230,139,TAM,Tamaulipas,,
2231,139,TLA,Tlaxcala,,
2232,139,VER,Veracruz-Llave,,
2233,139,YUC,Yucatan,,
2234,139,ZAC,Zacatecas,,
2235,140,C,Chuuk,,
2236,140,K,Kosrae,,
2237,140,P,Pohnpei,,
2238,140,Y,Yap,,
2239,141,GA,Gagauzia,,
2240,141,CU,Chisinau,,
2241,141,BA,Balti,,
2242,141,CA,Cahul,,
2243,141,ED,Edinet,,
2244,141,LA,Lapusna,,
2245,141,OR,Orhei,,
2246,141,SO,Soroca,,
2247,141,TI,Tighina,,
2248,141,UN,Ungheni,,
2249,141,SN,Stânga Nistrului,,
2250,142,FV,Fontvieille,,
2251,142,LC,La Condamine,,
2252,142,MV,Monaco-Ville,,
2253,142,MC,Monte-Carlo,,
2254,143,1,Ulanbaatar,,
2255,143,35,Orhon,,
2256,143,37,Darhan uul,,
2257,143,39,Hentiy,,
2258,143,41,Hovsgol,,
2259,143,43,Hovd,,
2260,143,46,Uvs,,
2261,143,47,Tov,,
2262,143,49,Selenge,,
2263,143,51,Suhbaatar,,
2264,143,53,Omnogovi,,
2265,143,55,Ovorhangay,,
2266,143,57,Dzavhan,,
2267,143,59,DundgovL,,
2268,143,61,Dornod,,
2269,143,63,Dornogov,,
2270,143,64,Govi-Sumber,,
2271,143,65,Govi-Altay,,
2272,143,67,Bulgan,,
2273,143,69,Bayanhongor,,
2274,143,71,Bayan-Olgiy,,
2275,143,73,Arhangay,,
2276,145,A,Saint Anthony,,
2277,145,G,Saint Georges,,
2278,145,P,Saint Peter,,
2279,146,AGD,Agadir,,
2280,146,HOC,Al Hoceima,,
2281,146,AZI,Azilal,,
2282,146,BME,Beni Mellal,,
2283,146,BSL,Ben Slimane,,
2284,146,BLM,Boulemane,,
2285,146,CBL,Casablanca,,
2286,146,CHA,Chaouen,,
2287,146,EJA,El Jadida,,
2288,146,EKS,El Kelaa des Sraghna,,
2289,146,ERA,Er Rachidia,,
2290,146,ESS,Essaouira,,
2291,146,FES,Fes,,
2292,146,FIG,Figuig,,
2293,146,GLM,Guelmim,,
2294,146,IFR,Ifrane,,
2295,146,KEN,Kenitra,,
2296,146,KHM,Khemisset,,
2297,146,KHN,Khenifra,,
2298,146,KHO,Khouribga,,
2299,146,LYN,Laayoune,,
2300,146,LAR,Larache,,
2301,146,MRK,Marrakech,,
2302,146,MKN,Meknes,,
2303,146,NAD,Nador,,
2304,146,ORZ,Ouarzazate,,
2305,146,OUJ,Oujda,,
2306,146,RSA,Rabat-Sale,,
2307,146,SAF,Safi,,
2308,146,SET,Settat,,
2309,146,SKA,Sidi Kacem,,
2310,146,TGR,Tangier,,
2311,146,TAN,Tan-Tan,,
2312,146,TAO,Taounate,,
2313,146,TRD,Taroudannt,,
2314,146,TAT,Tata,,
2315,146,TAZ,Taza,,
2316,146,TET,Tetouan,,
2317,146,TIZ,Tiznit,,
2318,146,ADK,Ad Dakhla,,
2319,146,BJD,Boujdour,,
2320,146,ESM,Es Smara,,
2321,147,CD,Cabo Delgado,,
2322,147,GZ,Gaza,,
2323,147,IN,Inhambane,,
2324,147,MN,Manica,,
2325,147,MC,Maputo (city),,
2326,147,MP,Maputo,,
2327,147,NA,Nampula,,
2328,147,NI,Niassa,,
2329,147,SO,Sofala,,
2330,147,TE,Tete,,
2331,147,ZA,Zambezia,,
2332,148,AY,Ayeyarwady,,
2333,148,BG,Bago,,
2334,148,MG,Magway,,
2335,148,MD,Mandalay,,
2336,148,SG,Sagaing,,
2337,148,TN,Tanintharyi,,
2338,148,YG,Yangon,,
2339,148,CH,Chin State,,
2340,148,KC,Kachin State,,
2341,148,KH,Kayah State,,
2342,148,KN,Kayin State,,
2343,148,MN,Mon State,,
2344,148,RK,Rakhine State,,
2345,148,SH,Shan State,,
2346,149,CA,Caprivi,,
2347,149,ER,Erongo,,
2348,149,HA,Hardap,,
2349,149,KR,Karas,,
2350,149,KV,Kavango,,
2351,149,KH,Khomas,,
2352,149,KU,Kunene,,
2353,149,OW,Ohangwena,,
2354,149,OK,Omaheke,,
2355,149,OT,Omusati,,
2356,149,ON,Oshana,,
2357,149,OO,Oshikoto,,
2358,149,OJ,Otjozondjupa,,
2359,150,AO,Aiwo,,
2360,150,AA,Anabar,,
2361,150,AT,Anetan,,
2362,150,AI,Anibare,,
2363,150,BA,Baiti,,
2364,150,BO,Boe,,
2365,150,BU,Buada,,
2366,150,DE,Denigomodu,,
2367,150,EW,Ewa,,
2368,150,IJ,Ijuw,,
2369,150,ME,Meneng,,
2370,150,NI,Nibok,,
2371,150,UA,Uaboe,,
2372,150,YA,Yaren,,
2373,151,BA,Bagmati,,
2374,151,BH,Bheri,,
2375,151,DH,Dhawalagiri,,
2376,151,GA,Gandaki,,
2377,151,JA,Janakpur,,
2378,151,KA,Karnali,,
2379,151,KO,Kosi,,
2380,151,LU,Lumbini,,
2381,151,MA,Mahakali,,
2382,151,ME,Mechi,,
2383,151,NA,Narayani,,
2384,151,RA,Rapti,,
2385,151,SA,Sagarmatha,,
2386,151,SE,Seti,,
2387,152,DR,Drenthe,,
2388,152,FL,Flevoland,,
2389,152,FR,Friesland,,
2390,152,GE,Gelderland,,
2391,152,GR,Groningen,,
2392,152,LI,Limburg,,
2393,152,NB,Noord Brabant,,
2394,152,NH,Noord Holland,,
2395,152,OV,Overijssel,,
2396,152,UT,Utrecht,,
2397,152,ZE,Zeeland,,
2398,152,ZH,Zuid Holland,,
2399,154,L,Iles Loyaute,,
2400,154,N,Nord,,
2401,154,S,Sud,,
2402,154,AUK,Auckland,,
2403,154,BOP,Bay of Plenty,,
2404,154,CAN,Canterbury,,
2405,154,COR,Coromandel,,
2406,154,GIS,Gisborne,,
2407,154,FIO,Fiordland,,
2408,154,HKB,Hawke's Bay,,
2409,154,MBH,Marlborough,,
2410,154,MWT,Manawatu-Wanganui,,
2411,154,MCM,Mt Cook-Mackenzie,,
2412,154,NSN,Nelson,,
2413,154,NTL,Northland,,
2414,154,OTA,Otago,,
2415,154,STL,Southland,,
2416,154,TKI,Taranaki,,
2417,154,WGN,Wellington,,
2418,154,WKO,Waikato,,
2419,154,WAI,Wairprarapa,,
2420,154,WTC,West Coast,,
2421,156,AN,Atlantico Norte,,
2422,156,AS,Atlantico Sur,,
2423,156,BO,Boaco,,
2424,156,CA,Carazo,,
2425,156,CI,Chinandega,,
2426,156,CO,Chontales,,
2427,156,ES,Esteli,,
2428,156,GR,Granada,,
2429,156,JI,Jinotega,,
2430,156,LE,Leon,,
2431,156,MD,Madriz,,
2432,156,MN,Managua,,
2433,156,MS,Masaya,,
2434,156,MT,Matagalpa,,
2435,156,NS,Nuevo Segovia,,
2436,156,RS,Rio San Juan,,
2437,156,RI,Rivas,,
2438,157,AG,Agadez,,
2439,157,DF,Diffa,,
2440,157,DS,Dosso,,
2441,157,MA,Maradi,,
2442,157,NM,Niamey,,
2443,157,TH,Tahoua,,
2444,157,TL,Tillaberi,,
2445,157,ZD,Zinder,,
2446,158,AB,Abia,,
2447,158,CT,Abuja Federal Capital Territory,,
2448,158,AD,Adamawa,,
2449,158,AK,Akwa Ibom,,
2450,158,AN,Anambra,,
2451,158,BC,Bauchi,,
2452,158,BY,Bayelsa,,
2453,158,BN,Benue,,
2454,158,BO,Borno,,
2455,158,CR,Cross River,,
2456,158,DE,Delta,,
2457,158,EB,Ebonyi,,
2458,158,ED,Edo,,
2459,158,EK,Ekiti,,
2460,158,EN,Enugu,,
2461,158,GO,Gombe,,
2462,158,IM,Imo,,
2463,158,JI,Jigawa,,
2464,158,KD,Kaduna,,
2465,158,KN,Kano,,
2466,158,KT,Katsina,,
2467,158,KE,Kebbi,,
2468,158,KO,Kogi,,
2469,158,KW,Kwara,,
2470,158,LA,Lagos,,
2471,158,NA,Nassarawa,,
2472,158,NI,Niger,,
2473,158,OG,Ogun,,
2474,158,ONG,Ondo,,
2475,158,OS,Osun,,
2476,158,OY,Oyo,,
2477,158,PL,Plateau,,
2478,158,RI,Rivers,,
2479,158,SO,Sokoto,,
2480,158,TA,Taraba,,
2481,158,YO,Yobe,,
2482,158,ZA,Zamfara,,
2483,161,N,Northern Islands,,
2484,161,R,Rota,,
2485,161,S,Saipan,,
2486,161,T,Tinian,,
2487,162,AK,Akershus,,
2488,162,AA,Aust-Agder,,
2489,162,BU,Buskerud,,
2490,162,FM,Finnmark,,
2491,162,HM,Hedmark,,
2492,162,HL,Hordaland,,
2493,162,MR,M&oslash,re og Romsdal,
2494,162,NL,Nordland,,
2495,162,NT,Nord-Tr&oslash,ndelag,
2496,162,OP,Oppland,,
2497,162,OL,Oslo,,
2498,162,RL,Rogaland,,
2499,162,SJ,Sogn og Fjordane,,
2500,162,ST,S&oslash,r-Tr&oslash,ndelag
2501,162,SV,Svalbard,,
2502,162,TM,Telemark,,
2503,162,TR,Troms,,
2504,162,VA,Vest-Agder,,
2505,162,VF,Vestfold,,
2506,162,OF,&Oslash,stfold,
2507,163,DA,Ad Dakhiliyah,,
2508,163,BA,Al Batinah,,
2509,163,WU,Al Wusta,,
2510,163,SH,Ash Sharqiyah,,
2511,163,ZA,Az Zahirah,,
2512,163,MA,Masqat,,
2513,163,MU,Musandam,,
2514,163,ZU,Zufar,,
2515,164,B,Balochistan,,
2516,164,T,Federally Administered Tribal Areas,,
2517,164,I,Islamabad Capital Territory,,
2518,164,N,North-West Frontier,,
2519,164,P,Punjab,,
2520,164,S,Sindh ,,
2521,165,AM,Aimeliik,,
2522,165,AR,Airai,,
2523,165,AN,Angaur,,
2524,165,HA,Hatohobei,,
2525,165,KA,Kayangel,,
2526,165,KO,Koror,,
2527,165,ME,Melekeok,,
2528,165,NA,Ngaraard,,
2529,165,NG,Ngarchelong,,
2530,165,ND,Ngardmau,,
2531,165,NT,Ngatpang,,
2532,165,NC,Ngchesar,,
2533,165,NR,Ngeremlengui,,
2534,165,NW,Ngiwal,,
2535,165,PE,Peleliu,,
2536,165,SO,Sonsorol,,
2537,166,BT,Bocas del Toro,,
2538,166,CH,Chiriqui,,
2539,166,CC,Cocle,,
2540,166,CL,Colon,,
2541,166,DA,Darien,,
2542,166,HE,Herrera,,
2543,166,LS,Los Santos,,
2544,166,PA,Panama,,
2545,166,SB,San Blas,,
2546,166,VG,Veraguas,,
2547,167,BV,Bougainville,,
2548,167,CE,Central,,
2549,167,CH,Chimbu,,
2550,167,EH,Eastern Highlands,,
2551,167,EB,East New Britain,,
2552,167,ES,East Sepik,,
2553,167,EN,Enga,,
2554,167,GU,Gulf,,
2555,167,MD,Madang,,
2556,167,MN,Manus,,
2557,167,MB,Milne Bay,,
2558,167,MR,Morobe,,
2559,167,NC,National Capital,,
2560,167,NI,New Ireland,,
2561,167,NO,Northern,,
2562,167,SA,Sandaun,,
2563,167,SH,Southern Highlands,,
2564,167,WE,Western,,
2565,167,WH,Western Highlands,,
2566,167,WB,West New Britain,,
2567,168,AG,Alto Paraguay,,
2568,168,AN,Alto Parana,,
2569,168,AM,Amambay,,
2570,168,AS,Asuncion,,
2571,168,BO,Boqueron,,
2572,168,CG,Caaguazu,,
2573,168,CZ,Caazapa,,
2574,168,CN,Canindeyu,,
2575,168,CE,Central,,
2576,168,CC,Concepcion,,
2577,168,CD,Cordillera,,
2578,168,GU,Guaira,,
2579,168,IT,Itapua,,
2580,168,MI,Misiones,,
2581,168,NE,Neembucu,,
2582,168,PA,Paraguari,,
2583,168,PH,Presidente Hayes,,
2584,168,SP,San Pedro,,
2585,169,AM,Amazonas,,
2586,169,AN,Ancash,,
2587,169,AP,Apurimac,,
2588,169,AR,Arequipa,,
2589,169,AY,Ayacucho,,
2590,169,CJ,Cajamarca,,
2591,169,CL,Callao,,
2592,169,CU,Cusco,,
2593,169,HV,Huancavelica,,
2594,169,HO,Huanuco,,
2595,169,IC,Ica,,
2596,169,JU,Junin,,
2597,169,LD,La Libertad,,
2598,169,LY,Lambayeque,,
2599,169,LI,Lima,,
2600,169,LO,Loreto,,
2601,169,MD,Madre de Dios,,
2602,169,MO,Moquegua,,
2603,169,PA,Pasco,,
2604,169,PI,Piura,,
2605,169,PU,Puno,,
2606,169,SM,San Martin,,
2607,169,TA,Tacna,,
2608,169,TU,Tumbes,,
2609,169,UC,Ucayali,,
2610,170,ABR,Abra,,
2611,170,ANO,Agusan del Norte,,
2612,170,ASU,Agusan del Sur,,
2613,170,AKL,Aklan,,
2614,170,ALB,Albay,,
2615,170,ANT,Antique,,
2616,170,APY,Apayao,,
2617,170,AUR,Aurora,,
2618,170,BAS,Basilan,,
2619,170,BTA,Bataan,,
2620,170,BTE,Batanes,,
2621,170,BTG,Batangas,,
2622,170,BLR,Biliran,,
2623,170,BEN,Benguet,,
2624,170,BOL,Bohol,,
2625,170,BUK,Bukidnon,,
2626,170,BUL,Bulacan,,
2627,170,CAG,Cagayan,,
2628,170,CNO,Camarines Norte,,
2629,170,CSU,Camarines Sur,,
2630,170,CAM,Camiguin,,
2631,170,CAP,Capiz,,
2632,170,CAT,Catanduanes,,
2633,170,CAV,Cavite,,
2634,170,CEB,Cebu,,
2635,170,CMP,Compostela,,
2636,170,DNO,Davao del Norte,,
2637,170,DSU,Davao del Sur,,
2638,170,DOR,Davao Oriental,,
2639,170,ESA,Eastern Samar,,
2640,170,GUI,Guimaras,,
2641,170,IFU,Ifugao,,
2642,170,INO,Ilocos Norte,,
2643,170,ISU,Ilocos Sur,,
2644,170,ILO,Iloilo,,
2645,170,ISA,Isabela,,
2646,170,KAL,Kalinga,,
2647,170,LAG,Laguna,,
2648,170,LNO,Lanao del Norte,,
2649,170,LSU,Lanao del Sur,,
2650,170,UNI,La Union,,
2651,170,LEY,Leyte,,
2652,170,MAG,Maguindanao,,
2653,170,MRN,Marinduque,,
2654,170,MSB,Masbate,,
2655,170,MIC,Mindoro Occidental,,
2656,170,MIR,Mindoro Oriental,,
2657,170,MSC,Misamis Occidental,,
2658,170,MOR,Misamis Oriental,,
2659,170,MOP,Mountain,,
2660,170,NOC,Negros Occidental,,
2661,170,NOR,Negros Oriental,,
2662,170,NCT,North Cotabato,,
2663,170,NSM,Northern Samar,,
2664,170,NEC,Nueva Ecija,,
2665,170,NVZ,Nueva Vizcaya,,
2666,170,PLW,Palawan,,
2667,170,PMP,Pampanga,,
2668,170,PNG,Pangasinan,,
2669,170,QZN,Quezon,,
2670,170,QRN,Quirino,,
2671,170,RIZ,Rizal,,
2672,170,ROM,Romblon,,
2673,170,SMR,Samar,,
2674,170,SRG,Sarangani,,
2675,170,SQJ,Siquijor,,
2676,170,SRS,Sorsogon,,
2677,170,SCO,South Cotabato,,
2678,170,SLE,Southern Leyte,,
2679,170,SKU,Sultan Kudarat,,
2680,170,SLU,Sulu,,
2681,170,SNO,Surigao del Norte,,
2682,170,SSU,Surigao del Sur,,
2683,170,TAR,Tarlac,,
2684,170,TAW,Tawi-Tawi,,
2685,170,ZBL,Zambales,,
2686,170,ZNO,Zamboanga del Norte,,
2687,170,ZSU,Zamboanga del Sur,,
2688,170,ZSI,Zamboanga Sibugay,,
2689,172,DO,Dolnoslaskie,,
2690,172,KP,Kujawsko-Pomorskie,,
2691,172,LO,Lodzkie,,
2692,172,LL,Lubelskie,,
2693,172,LU,Lubuskie,,
2694,172,ML,Malopolskie,,
2695,172,MZ,Mazowieckie,,
2696,172,OP,Opolskie,,
2697,172,PP,Podkarpackie,,
2698,172,PL,Podlaskie,,
2699,172,PM,Pomorskie,,
2700,172,SL,Slaskie,,
2701,172,SW,Swietokrzyskie,,
2702,172,WM,Warminsko-Mazurskie,,
2703,172,WP,Wielkopolskie,,
2704,172,ZA,Zachodniopomorskie,,
2705,201,P,Saint Pierre,,
2706,201,M,Miquelon,,
2707,173,AC,A&ccedil,ores,
2708,173,AV,Aveiro,,
2709,173,BE,Beja,,
2710,173,BR,Braga,,
2711,173,BA,Bragan&ccedil,a,
2712,173,CB,Castelo Branco,,
2713,173,CO,Coimbra,,
2714,173,EV,&Eacute,vora,
2715,173,FA,Faro,,
2716,173,GU,Guarda,,
2717,173,LE,Leiria,,
2718,173,LI,Lisboa,,
2719,173,ME,Madeira,,
2720,173,PO,Portalegre,,
2721,173,PR,Porto,,
2722,173,SA,Santar&eacute,m,
2723,173,SE,Set&uacute,bal,
2724,173,VC,Viana do Castelo,,
2725,173,VR,Vila Real,,
2726,173,VI,Viseu,,
2727,175,DW,Ad Dawhah,,
2728,175,GW,Al Ghuwayriyah,,
2729,175,JM,Al Jumayliyah,,
2730,175,KR,Al Khawr,,
2731,175,WK,Al Wakrah,,
2732,175,RN,Ar Rayyan,,
2733,175,JB,Jarayan al Batinah,,
2734,175,MS,Madinat ash Shamal,,
2735,175,UD,Umm Sa'id,,
2736,175,UL,Umm Salal,,
2737,177,AB,Alba,,
2738,177,AR,Arad,,
2739,177,AG,Arges,,
2740,177,BC,Bacau,,
2741,177,BH,Bihor,,
2742,177,BN,Bistrita-Nasaud,,
2743,177,BT,Botosani,,
2744,177,BV,Brasov,,
2745,177,BR,Braila,,
2746,177,B,Bucuresti,,
2747,177,BZ,Buzau,,
2748,177,CS,Caras-Severin,,
2749,177,CL,Calarasi,,
2750,177,CJ,Cluj,,
2751,177,CT,Constanta,,
2752,177,CV,Covasna,,
2753,177,DB,Dimbovita,,
2754,177,DJ,Dolj,,
2755,177,GL,Galati,,
2756,177,GR,Giurgiu,,
2757,177,GJ,Gorj,,
2758,177,HR,Harghita,,
2759,177,HD,Hunedoara,,
2760,177,IL,Ialomita,,
2761,177,IS,Iasi,,
2762,177,IF,Ilfov,,
2763,177,MM,Maramures,,
2764,177,MH,Mehedinti,,
2765,177,MS,Mures,,
2766,177,NT,Neamt,,
2767,177,OT,Olt,,
2768,177,PH,Prahova,,
2769,177,SM,Satu-Mare,,
2770,177,SJ,Salaj,,
2771,177,SB,Sibiu,,
2772,177,SV,Suceava,,
2773,177,TR,Teleorman,,
2774,177,TM,Timis,,
2775,177,TL,Tulcea,,
2776,177,VS,Vaslui,,
2777,177,VL,Valcea,,
2778,177,VN,Vrancea,,
2779,178,AB,Abakan,,
2780,178,AG,Aginskoye,,
2781,178,AN,Anadyr,,
2782,178,AR,Arkahangelsk,,
2783,178,AS,Astrakhan,,
2784,178,BA,Barnaul,,
2785,178,BE,Belgorod,,
2786,178,BI,Birobidzhan,,
2787,178,BL,Blagoveshchensk,,
2788,178,BR,Bryansk,,
2789,178,CH,Cheboksary,,
2790,178,CL,Chelyabinsk,,
2791,178,CR,Cherkessk,,
2792,178,CI,Chita,,
2793,178,DU,Dudinka,,
2794,178,EL,Elista,,
2795,178,GO,Gomo-Altaysk,,
2796,178,GA,Gorno-Altaysk,,
2797,178,GR,Groznyy,,
2798,178,IR,Irkutsk,,
2799,178,IV,Ivanovo,,
2800,178,IZ,Izhevsk,,
2801,178,KA,Kalinigrad,,
2802,178,KL,Kaluga,,
2803,178,KS,Kasnodar,,
2804,178,KZ,Kazan,,
2805,178,KE,Kemerovo,,
2806,178,KH,Khabarovsk,,
2807,178,KM,Khanty-Mansiysk,,
2808,178,KO,Kostroma,,
2809,178,KR,Krasnodar,,
2810,178,KN,Krasnoyarsk,,
2811,178,KU,Kudymkar,,
2812,178,KG,Kurgan,,
2813,178,KK,Kursk,,
2814,178,KY,Kyzyl,,
2815,178,LI,Lipetsk,,
2816,178,MA,Magadan,,
2817,178,MK,Makhachkala,,
2818,178,MY,Maykop,,
2819,178,MO,Moscow,,
2820,178,MU,Murmansk,,
2821,178,NA,Nalchik,,
2822,178,NR,Naryan Mar,,
2823,178,NZ,Nazran,,
2824,178,NI,Nizhniy Novgorod,,
2825,178,NO,Novgorod,,
2826,178,NV,Novosibirsk,,
2827,178,OM,Omsk,,
2828,178,OR,Orel,,
2829,178,OE,Orenburg,,
2830,178,PA,Palana,,
2831,178,PE,Penza,,
2832,178,PR,Perm,,
2833,178,PK,Petropavlovsk-Kamchatskiy,,
2834,178,PT,Petrozavodsk,,
2835,178,PS,Pskov,,
2836,178,RO,Rostov-na-Donu,,
2837,178,RY,Ryazan,,
2838,178,SL,Salekhard,,
2839,178,SA,Samara,,
2840,178,SR,Saransk,,
2841,178,SV,Saratov,,
2842,178,SM,Smolensk,,
2843,178,SP,St. Petersburg,,
2844,178,ST,Stavropol,,
2845,178,SY,Syktyvkar,,
2846,178,TA,Tambov,,
2847,178,TO,Tomsk,,
2848,178,TU,Tula,,
2849,178,TR,Tura,,
2850,178,TV,Tver,,
2851,178,TY,Tyumen,,
2852,178,UF,Ufa,,
2853,178,UL,Ul'yanovsk,,
2854,178,UU,Ulan-Ude,,
2855,178,US,Ust'-Ordynskiy,,
2856,178,VL,Vladikavkaz,,
2857,178,VA,Vladimir,,
2858,178,VV,Vladivostok,,
2859,178,VG,Volgograd,,
2860,178,VD,Vologda,,
2861,178,VO,Voronezh,,
2862,178,VY,Vyatka,,
2863,178,YA,Yakutsk,,
2864,178,YR,Yaroslavl,,
2865,178,YE,Yekaterinburg,,
2866,178,YO,Yoshkar-Ola,,
2867,179,BU,Butare,,
2868,179,BY,Byumba,,
2869,179,CY,Cyangugu,,
2870,179,GK,Gikongoro,,
2871,179,GS,Gisenyi,,
2872,179,GT,Gitarama,,
2873,179,KG,Kibungo,,
2874,179,KY,Kibuye,,
2875,179,KR,Kigali Rurale,,
2876,179,KV,Kigali-ville,,
2877,179,RU,Ruhengeri,,
2878,179,UM,Umutara,,
2879,180,CCN,Christ Church Nichola Town,,
2880,180,SAS,Saint Anne Sandy Point,,
2881,180,SGB,Saint George Basseterre,,
2882,180,SGG,Saint George Gingerland,,
2883,180,SJW,Saint James Windward,,
2884,180,SJC,Saint John Capesterre,,
2885,180,SJF,Saint John Figtree,,
2886,180,SMC,Saint Mary Cayon,,
2887,180,CAP,Saint Paul Capesterre,,
2888,180,CHA,Saint Paul Charlestown,,
2889,180,SPB,Saint Peter Basseterre,,
2890,180,STL,Saint Thomas Lowland,,
2891,180,STM,Saint Thomas Middle Island,,
2892,180,TPP,Trinity Palmetto Point,,
2893,181,AR,Anse-la-Raye,,
2894,181,CA,Castries,,
2895,181,CH,Choiseul,,
2896,181,DA,Dauphin,,
2897,181,DE,Dennery,,
2898,181,GI,Gros-Islet,,
2899,181,LA,Laborie,,
2900,181,MI,Micoud,,
2901,181,PR,Praslin,,
2902,181,SO,Soufriere,,
2903,181,VF,Vieux-Fort,,
2904,182,C,Charlotte,,
2905,182,R,Grenadines,,
2906,182,A,Saint Andrew,,
2907,182,D,Saint David,,
2908,182,G,Saint George,,
2909,182,P,Saint Patrick,,
2910,183,AN,A'ana,,
2911,183,AI,Aiga-i-le-Tai,,
2912,183,AT,Atua,,
2913,183,FA,Fa'asaleleaga,,
2914,183,GE,Gaga'emauga,,
2915,183,GF,Gagaifomauga,,
2916,183,PA,Palauli,,
2917,183,SA,Satupa'itea,,
2918,183,TU,Tuamasaga,,
2919,183,VF,Va'a-o-Fonoti,,
2920,183,VS,Vaisigano,,
2921,184,AC,Acquaviva,,
2922,184,BM,Borgo Maggiore,,
2923,184,CH,Chiesanuova,,
2924,184,DO,Domagnano,,
2925,184,FA,Faetano,,
2926,184,FI,Fiorentino,,
2927,184,MO,Montegiardino,,
2928,184,SM,Citta di San Marino,,
2929,184,SE,Serravalle,,
2930,185,S,Sao Tome,,
2931,185,P,Principe,,
2932,186,BH,Al Bahah,,
2933,186,HS,Al Hudud ash Shamaliyah,,
2934,186,JF,Al Jawf,,
2935,186,MD,Al Madinah,,
2936,186,QS,Al Qasim,,
2937,186,RD,Ar Riyad,,
2938,186,AQ,Ash Sharqiyah (Eastern),,
2939,186,AS,'Asir,,
2940,186,HL,Ha'il,,
2941,186,JZ,Jizan,,
2942,186,ML,Makkah,,
2943,186,NR,Najran,,
2944,186,TB,Tabuk,,
2945,187,DA,Dakar,,
2946,187,DI,Diourbel,,
2947,187,FA,Fatick,,
2948,187,KA,Kaolack,,
2949,187,KO,Kolda,,
2950,187,LO,Louga,,
2951,187,MA,Matam,,
2952,187,SL,Saint-Louis,,
2953,187,TA,Tambacounda,,
2954,187,TH,Thies ,,
2955,187,ZI,Ziguinchor,,
2956,188,AP,Anse aux Pins,,
2957,188,AB,Anse Boileau,,
2958,188,AE,Anse Etoile,,
2959,188,AL,Anse Louis,,
2960,188,AR,Anse Royale,,
2961,188,BL,Baie Lazare,,
2962,188,BS,Baie Sainte Anne,,
2963,188,BV,Beau Vallon,,
2964,188,BA,Bel Air,,
2965,188,BO,Bel Ombre,,
2966,188,CA,Cascade,,
2967,188,GL,Glacis,,
2968,188,GM,Grand' Anse (on Mahe),,
2969,188,GP,Grand' Anse (on Praslin),,
2970,188,DG,La Digue,,
2971,188,RA,La Riviere Anglaise,,
2972,188,MB,Mont Buxton,,
2973,188,MF,Mont Fleuri,,
2974,188,PL,Plaisance,,
2975,188,PR,Pointe La Rue,,
2976,188,PG,Port Glaud,,
2977,188,SL,Saint Louis,,
2978,188,TA,Takamaka,,
2979,189,E,Eastern,,
2980,189,N,Northern,,
2981,189,S,Southern,,
2982,189,W,Western,,
2983,191,BA,Banskobystricky,,
2984,191,BR,Bratislavsky,,
2985,191,KO,Kosicky,,
2986,191,NI,Nitriansky,,
2987,191,PR,Presovsky,,
2988,191,TC,Trenciansky,,
2989,191,TV,Trnavsky,,
2990,191,ZI,Zilinsky,,
2991,193,CE,Central,,
2992,193,CH,Choiseul,,
2993,193,GC,Guadalcanal,,
2994,193,HO,Honiara,,
2995,193,IS,Isabel,,
2996,193,MK,Makira,,
2997,193,ML,Malaita,,
2998,193,RB,Rennell and Bellona,,
2999,193,TM,Temotu,,
3000,193,WE,Western,,
3001,194,AW,Awdal,,
3002,194,BK,Bakool,,
3003,194,BN,Banaadir,,
3004,194,BR,Bari,,
3005,194,BY,Bay,,
3006,194,GA,Galguduud,,
3007,194,GE,Gedo,,
3008,194,HI,Hiiraan,,
3009,194,JD,Jubbada Dhexe,,
3010,194,JH,Jubbada Hoose,,
3011,194,MU,Mudug,,
3012,194,NU,Nugaal,,
3013,194,SA,Sanaag,,
3014,194,SD,Shabeellaha Dhexe,,
3015,194,SH,Shabeellaha Hoose,,
3016,194,SL,Sool,,
3017,194,TO,Togdheer,,
3018,194,WG,Woqooyi Galbeed,,
3019,195,EC,Eastern Cape,,
3020,195,FS,Free State,,
3021,195,GT,Gauteng,,
3022,195,KN,KwaZulu-Natal,,
3023,195,LP,Limpopo,,
3024,195,MP,Mpumalanga,,
3025,195,NW,North West,,
3026,195,NC,Northern Cape,,
3027,195,WC,Western Cape,,
3028,198,CA,A Coru&ntilde,a,
3029,198,AL,&Aacute,lava,
3030,198,AB,Albacete,,
3031,198,AC,Alicante,,
3032,198,AM,Almeria,,
3033,198,AS,Asturias,,
3034,198,AV,&Aacute,vila,
3035,198,BJ,Badajoz,,
3036,198,IB,Baleares,,
3037,198,BA,Barcelona,,
3038,198,BU,Burgos,,
3039,198,CC,C&aacute,ceres,
3040,198,CZ,C&aacute,diz,
3041,198,CT,Cantabria,,
3042,198,CL,Castell&oacute,n,
3043,198,CE,Ceuta,,
3044,198,CR,Ciudad Real,,
3045,198,CD,C&oacute,rdoba,
3046,198,CU,Cuenca,,
3047,198,GI,Girona,,
3048,198,GD,Granada,,
3049,198,GJ,Guadalajara,,
3050,198,GP,Guip&uacute,zcoa,
3051,198,HL,Huelva,,
3052,198,HS,Huesca,,
3053,198,JN,Ja&eacute,n,
3054,198,RJ,La Rioja,,
3055,198,PM,Las Palmas,,
3056,198,LE,Leon,,
3057,198,LL,Lleida,,
3058,198,LG,Lugo,,
3059,198,MD,Madrid,,
3060,198,MA,Malaga,,
3061,198,ML,Melilla,,
3062,198,MU,Murcia,,
3063,198,NV,Navarra,,
3064,198,OU,Ourense,,
3065,198,PL,Palencia,,
3066,198,PO,Pontevedra,,
3067,198,SL,Salamanca,,
3068,198,SC,Santa Cruz de Tenerife,,
3069,198,SG,Segovia,,
3070,198,SV,Sevilla,,
3071,198,SO,Soria,,
3072,198,TA,Tarragona,,
3073,198,TE,Teruel,,
3074,198,TO,Toledo,,
3075,198,VC,Valencia,,
3076,198,VD,Valladolid,,
3077,198,VZ,Vizcaya,,
3078,198,ZM,Zamora,,
3079,198,ZR,Zaragoza,,
3080,199,CE,Central,,
3081,199,EA,Eastern,,
3082,199,NC,North Central,,
3083,199,NO,Northern,,
3084,199,NW,North Western,,
3085,199,SA,Sabaragamuwa,,
3086,199,SO,Southern,,
3087,199,UV,Uva,,
3088,199,WE,Western,,
3089,200,A,Ascension,,
3090,200,S,Saint Helena,,
3091,200,T,Tristan da Cunha,,
3092,202,ANL,A'ali an Nil,,
3093,202,BAM,Al Bahr al Ahmar,,
3094,202,BRT,Al Buhayrat,,
3095,202,JZR,Al Jazirah,,
3096,202,KRT,Al Khartum,,
3097,202,QDR,Al Qadarif,,
3098,202,WDH,Al Wahdah,,
3099,202,ANB,An Nil al Abyad,,
3100,202,ANZ,An Nil al Azraq,,
3101,202,ASH,Ash Shamaliyah,,
3102,202,BJA,Bahr al Jabal,,
3103,202,GIS,Gharb al Istiwa'iyah,,
3104,202,GBG,Gharb Bahr al Ghazal,,
3105,202,GDA,Gharb Darfur,,
3106,202,GKU,Gharb Kurdufan,,
3107,202,JDA,Janub Darfur,,
3108,202,JKU,Janub Kurdufan,,
3109,202,JQL,Junqali,,
3110,202,KSL,Kassala,,
3111,202,NNL,Nahr an Nil,,
3112,202,SBG,Shamal Bahr al Ghazal,,
3113,202,SDA,Shamal Darfur,,
3114,202,SKU,Shamal Kurdufan,,
3115,202,SIS,Sharq al Istiwa'iyah,,
3116,202,SNR,Sinnar,,
3117,202,WRB,Warab,,
3118,203,BR,Brokopondo,,
3119,203,CM,Commewijne,,
3120,203,CR,Coronie,,
3121,203,MA,Marowijne,,
3122,203,NI,Nickerie,,
3123,203,PA,Para,,
3124,203,PM,Paramaribo,,
3125,203,SA,Saramacca,,
3126,203,SI,Sipaliwini,,
3127,203,WA,Wanica,,
3128,205,H,Hhohho,,
3129,205,L,Lubombo,,
3130,205,M,Manzini,,
3131,205,S,Shishelweni,,
3132,206,K,Blekinge,,
3133,206,W,Dalama,,
3134,206,I,Gotland,,
3135,206,X,G&auml,vleborg,
3136,206,N,Halland,,
3137,206,Z,J&auml,mtland,
3138,206,F,J&ouml,nk&ouml,ping
3139,206,H,Kalmar,,
3140,206,G,Kronoberg,,
3141,206,BD,Norrbotten,,
3142,206,M,Sk&aring,ne,
3143,206,AB,Stockholm,,
3144,206,D,S&ouml,dermanland,
3145,206,C,Uppsala,,
3146,206,S,V&auml,rmland,
3147,206,AC,V&auml,sterbotten,
3148,206,Y,V&auml,sternorrland,
3149,206,U,V&auml,stmanland,
3150,206,O,V&auml,stra G&ouml,taland
3151,206,T,&Ouml,rebro,
3152,206,E,&Ouml,sterg&ouml,tland
3153,207,AG,Aargau,,
3154,207,AR,Appenzell Ausserrhoden,,
3155,207,AI,Appenzell Innerrhoden,,
3156,207,BS,Basel-Stadt,,
3157,207,BL,Basel-Landschaft,,
3158,207,BE,Bern,,
3159,207,FR,Fribourg,,
3160,207,GE,Gen&egrave,ve,
3161,207,GL,Glarus,,
3162,207,GR,Graubünden,,
3163,207,JU,Jura,,
3164,207,LU,Luzern,,
3165,207,NE,Neuchâtel,,
3166,207,NW,Nidwald,,
3167,207,OW,Obwald,,
3168,207,SG,St. Gallen,,
3169,207,SH,Schaffhausen,,
3170,207,SZ,Schwyz,,
3171,207,SO,Solothurn,,
3172,207,TG,Thurgau,,
3173,207,TI,Ticino,,
3174,207,UR,Uri,,
3175,207,VS,Valais,,
3176,207,VD,Vaud,,
3177,207,ZG,Zug,,
3178,207,ZH,Z&uuml,rich,
3179,208,HA,Al Hasakah,,
3180,208,LA,Al Ladhiqiyah,,
3181,208,QU,Al Qunaytirah,,
3182,208,RQ,Ar Raqqah,,
3183,208,SU,As Suwayda,,
3184,208,DA,Dara,,
3185,208,DZ,Dayr az Zawr,,
3186,208,DI,Dimashq,,
3187,208,HL,Halab,,
3188,208,HM,Hamah,,
3189,208,HI,Hims,,
3190,208,ID,Idlib,,
3191,208,RD,Rif Dimashq,,
3192,208,TA,Tartus,,
3193,209,CH,Chang-hua,,
3194,209,CI,Chia-i,,
3195,209,HS,Hsin-chu,,
3196,209,HL,Hua-lien,,
3197,209,IL,I-lan,,
3198,209,KH,Kao-hsiung county,,
3199,209,KM,Kin-men,,
3200,209,LC,Lien-chiang,,
3201,209,ML,Miao-li,,
3202,209,NT,Nan-t'ou,,
3203,209,PH,P'eng-hu,,
3204,209,PT,P'ing-tung,,
3205,209,TG,T'ai-chung,,
3206,209,TA,T'ai-nan,,
3207,209,TP,T'ai-pei county,,
3208,209,TT,T'ai-tung,,
3209,209,TY,T'ao-yuan,,
3210,209,YL,Yun-lin,,
3211,209,CC,Chia-i city,,
3212,209,CL,Chi-lung,,
3213,209,HC,Hsin-chu,,
3214,209,TH,T'ai-chung,,
3215,209,TN,T'ai-nan,,
3216,209,KC,Kao-hsiung city ,,
3217,209,TC,T'ai-pei city ,,
3218,210,GB,Gorno-Badakhstan,,
3219,210,KT,Khatlon,,
3220,210,SU,Sughd,,
3221,211,AR,Arusha,,
3222,211,DS,Dar es Salaam,,
3223,211,DO,Dodoma,,
3224,211,IR,Iringa,,
3225,211,KA,Kagera,,
3226,211,KI,Kigoma,,
3227,211,KJ,Kilimanjaro,,
3228,211,LN,Lindi,,
3229,211,MY,Manyara,,
3230,211,MR,Mara,,
3231,211,MB,Mbeya,,
3232,211,MO,Morogoro,,
3233,211,MT,Mtwara,,
3234,211,MW,Mwanza,,
3235,211,PN,Pemba North,,
3236,211,PS,Pemba South,,
3237,211,PW,Pwani,,
3238,211,RK,Rukwa,,
3239,211,RV,Ruvuma,,
3240,211,SH,Shinyanga,,
3241,211,SI,Singida,,
3242,211,TB,Tabora,,
3243,211,TN,Tanga,,
3244,211,ZC,Zanzibar Central/South,,
3245,211,ZN,Zanzibar North,,
3246,211,ZU,Zanzibar Urban/West,,
3247,212,Amnat Charoen,Amnat Charoen,,
3248,212,Ang Thong,Ang Thong,,
3249,212,Ayutthaya,Ayutthaya,,
3250,212,Bangkok,Bangkok,,
3251,212,Buriram,Buriram,,
3252,212,Chachoengsao,Chachoengsao,,
3253,212,Chai Nat,Chai Nat,,
3254,212,Chaiyaphum,Chaiyaphum,,
3255,212,Chanthaburi,Chanthaburi,,
3256,212,Chiang Mai,Chiang Mai,,
3257,212,Chiang Rai,Chiang Rai,,
3258,212,Chon Buri,Chon Buri,,
3259,212,Chumphon,Chumphon,,
3260,212,Kalasin,Kalasin,,
3261,212,Kamphaeng Phet,Kamphaeng Phet,,
3262,212,Kanchanaburi,Kanchanaburi,,
3263,212,Khon Kaen,Khon Kaen,,
3264,212,Krabi,Krabi,,
3265,212,Lampang,Lampang,,
3266,212,Lamphun,Lamphun,,
3267,212,Loei,Loei,,
3268,212,Lop Buri,Lop Buri,,
3269,212,Mae Hong Son,Mae Hong Son,,
3270,212,Maha Sarakham,Maha Sarakham,,
3271,212,Mukdahan,Mukdahan,,
3272,212,Nakhon Nayok,Nakhon Nayok,,
3273,212,Nakhon Pathom,Nakhon Pathom,,
3274,212,Nakhon Phanom,Nakhon Phanom,,
3275,212,Nakhon Ratchasima,Nakhon Ratchasima,,
3276,212,Nakhon Sawan,Nakhon Sawan,,
3277,212,Nakhon Si Thammarat,Nakhon Si Thammarat,,
3278,212,Nan,Nan,,
3279,212,Narathiwat,Narathiwat,,
3280,212,Nong Bua Lamphu,Nong Bua Lamphu,,
3281,212,Nong Khai,Nong Khai,,
3282,212,Nonthaburi,Nonthaburi,,
3283,212,Pathum Thani,Pathum Thani,,
3284,212,Pattani,Pattani,,
3285,212,Phangnga,Phangnga,,
3286,212,Phatthalung,Phatthalung,,
3287,212,Phayao,Phayao,,
3288,212,Phetchabun,Phetchabun,,
3289,212,Phetchaburi,Phetchaburi,,
3290,212,Phichit,Phichit,,
3291,212,Phitsanulok,Phitsanulok,,
3292,212,Phrae,Phrae,,
3293,212,Phuket,Phuket,,
3294,212,Prachin Buri,Prachin Buri,,
3295,212,Prachuap Khiri Khan,Prachuap Khiri Khan,,
3296,212,Ranong,Ranong,,
3297,212,Ratchaburi,Ratchaburi,,
3298,212,Rayong,Rayong,,
3299,212,Roi Et,Roi Et,,
3300,212,Sa Kaeo,Sa Kaeo,,
3301,212,Sakon Nakhon,Sakon Nakhon,,
3302,212,Samut Prakan,Samut Prakan,,
3303,212,Samut Sakhon,Samut Sakhon,,
3304,212,Samut Songkhram,Samut Songkhram,,
3305,212,Sara Buri,Sara Buri,,
3306,212,Satun,Satun,,
3307,212,Sing Buri,Sing Buri,,
3308,212,Sisaket,Sisaket,,
3309,212,Songkhla,Songkhla,,
3310,212,Sukhothai,Sukhothai,,
3311,212,Suphan Buri,Suphan Buri,,
3312,212,Surat Thani,Surat Thani,,
3313,212,Surin,Surin,,
3314,212,Tak,Tak,,
3315,212,Trang,Trang,,
3316,212,Trat,Trat,,
3317,212,Ubon Ratchathani,Ubon Ratchathani,,
3318,212,Udon Thani,Udon Thani,,
3319,212,Uthai Thani,Uthai Thani,,
3320,212,Uttaradit,Uttaradit,,
3321,212,Yala,Yala,,
3322,212,Yasothon,Yasothon,,
3323,213,K,Kara,,
3324,213,P,Plateaux,,
3325,213,S,Savanes,,
3326,213,C,Centrale,,
3327,213,M,Maritime,,
3328,214,A,Atafu,,
3329,214,F,Fakaofo,,
3330,214,N,Nukunonu,,
3331,215,H,Ha'apai,,
3332,215,T,Tongatapu,,
3333,215,V,Vava'u,,
3334,216,CT,Couva/Tabaquite/Talparo,,
3335,216,DM,Diego Martin,,
3336,216,MR,Mayaro/Rio Claro,,
3337,216,PD,Penal/Debe,,
3338,216,PT,Princes Town,,
3339,216,SG,Sangre Grande,,
3340,216,SL,San Juan/Laventille,,
3341,216,SI,Siparia,,
3342,216,TP,Tunapuna/Piarco,,
3343,216,PS,Port of Spain,,
3344,216,SF,San Fernando,,
3345,216,AR,Arima,,
3346,216,PF,Point Fortin,,
3347,216,CH,Chaguanas,,
3348,216,TO,Tobago,,
3349,217,AR,Ariana,,
3350,217,BJ,Beja,,
3351,217,BA,Ben Arous,,
3352,217,BI,Bizerte,,
3353,217,GB,Gabes,,
3354,217,GF,Gafsa,,
3355,217,JE,Jendouba,,
3356,217,KR,Kairouan,,
3357,217,KS,Kasserine,,
3358,217,KB,Kebili,,
3359,217,KF,Kef,,
3360,217,MH,Mahdia,,
3361,217,MN,Manouba,,
3362,217,ME,Medenine,,
3363,217,MO,Monastir,,
3364,217,NA,Nabeul,,
3365,217,SF,Sfax,,
3366,217,SD,Sidi,,
3367,217,SL,Siliana,,
3368,217,SO,Sousse,,
3369,217,TA,Tataouine,,
3370,217,TO,Tozeur,,
3371,217,TU,Tunis,,
3372,217,ZA,Zaghouan,,
3373,218,ADA,Adana,,
3374,218,ADI,Adiyaman,,
3375,218,AFY,Afyonkarahisar,,
3376,218,AGR,Agri,,
3377,218,AKS,Aksaray,,
3378,218,AMA,Amasya,,
3379,218,ANK,Ankara,,
3380,218,ANT,Antalya,,
3381,218,ARD,Ardahan,,
3382,218,ART,Artvin,,
3383,218,AYI,Aydin,,
3384,218,BAL,Balikesir,,
3385,218,BAR,Bartin,,
3386,218,BAT,Batman,,
3387,218,BAY,Bayburt,,
3388,218,BIL,Bilecik,,
3389,218,BIN,Bingol,,
3390,218,BIT,Bitlis,,
3391,218,BOL,Bolu,,
3392,218,BRD,Burdur,,
3393,218,BRS,Bursa,,
3394,218,CKL,Canakkale,,
3395,218,CKR,Cankiri,,
3396,218,COR,Corum,,
3397,218,DEN,Denizli,,
3398,218,DIY,Diyarbakir,,
3399,218,DUZ,Duzce,,
3400,218,EDI,Edirne,,
3401,218,ELA,Elazig,,
3402,218,EZC,Erzincan,,
3403,218,EZR,Erzurum,,
3404,218,ESK,Eskisehir,,
3405,218,GAZ,Gaziantep,,
3406,218,GIR,Giresun,,
3407,218,GMS,Gumushane,,
3408,218,HKR,Hakkari,,
3409,218,HTY,Hatay,,
3410,218,IGD,Igdir,,
3411,218,ISP,Isparta,,
3412,218,IST,Istanbul,,
3413,218,IZM,Izmir,,
3414,218,KAH,Kahramanmaras,,
3415,218,KRB,Karabuk,,
3416,218,KRM,Karaman,,
3417,218,KRS,Kars,,
3418,218,KAS,Kastamonu,,
3419,218,KAY,Kayseri,,
3420,218,KLS,Kilis,,
3421,218,KRK,Kirikkale,,
3422,218,KLR,Kirklareli,,
3423,218,KRH,Kirsehir,,
3424,218,KOC,Kocaeli,,
3425,218,KON,Konya,,
3426,218,KUT,Kutahya,,
3427,218,MAL,Malatya,,
3428,218,MAN,Manisa,,
3429,218,MAR,Mardin,,
3430,218,MER,Mersin,,
3431,218,MUG,Mugla,,
3432,218,MUS,Mus,,
3433,218,NEV,Nevsehir,,
3434,218,NIG,Nigde,,
3435,218,ORD,Ordu,,
3436,218,OSM,Osmaniye,,
3437,218,RIZ,Rize,,
3438,218,SAK,Sakarya,,
3439,218,SAM,Samsun,,
3440,218,SAN,Sanliurfa,,
3441,218,SII,Siirt,,
3442,218,SIN,Sinop,,
3443,218,SIR,Sirnak,,
3444,218,SIV,Sivas,,
3445,218,TEL,Tekirdag,,
3446,218,TOK,Tokat,,
3447,218,TRA,Trabzon,,
3448,218,TUN,Tunceli,,
3449,218,USK,Usak,,
3450,218,VAN,Van,,
3451,218,YAL,Yalova,,
3452,218,YOZ,Yozgat,,
3453,218,ZON,Zonguldak,,
3454,219,A,Ahal Welayaty,,
3455,219,B,Balkan Welayaty ,,
3456,219,D,Dashhowuz Welayaty,,
3457,219,L,Lebap Welayaty,,
3458,219,M,Mary Welayaty,,
3459,220,AC,Ambergris Cays,,
3460,220,DC,Dellis Cay,,
3461,220,FC,French Cay,,
3462,220,LW,Little Water Cay,,
3463,220,RC,Parrot Cay,,
3464,220,PN,Pine Cay,,
3465,220,SL,Salt Cay,,
3466,220,GT,Grand Turk,,
3467,220,SC,South Caicos,,
3468,220,EC,East Caicos,,
3469,220,MC,Middle Caicos,,
3470,220,NC,North Caicos,,
3471,220,PR,Providenciales,,
3472,220,WC,West Caicos,,
3473,221,NMG,Nanumanga,,
3474,221,NLK,Niulakita,,
3475,221,NTO,Niutao,,
3476,221,FUN,Funafuti,,
3477,221,NME,Nanumea,,
3478,221,NUI,Nui,,
3479,221,NFT,Nukufetau,,
3480,221,NLL,Nukulaelae,,
3481,221,VAI,Vaitupu,,
3482,222,KAL,Kalangala,,
3483,222,KMP,Kampala,,
3484,222,KAY,Kayunga,,
3485,222,KIB,Kiboga,,
3486,222,LUW,Luwero,,
3487,222,MAS,Masaka,,
3488,222,MPI,Mpigi,,
3489,222,MUB,Mubende,,
3490,222,MUK,Mukono,,
3491,222,NKS,Nakasongola,,
3492,222,RAK,Rakai,,
3493,222,SEM,Sembabule,,
3494,222,WAK,Wakiso,,
3495,222,BUG,Bugiri,,
3496,222,BUS,Busia,,
3497,222,IGA,Iganga,,
3498,222,JIN,Jinja,,
3499,222,KAB,Kaberamaido,,
3500,222,KML,Kamuli,,
3501,222,KPC,Kapchorwa,,
3502,222,KTK,Katakwi,,
3503,222,KUM,Kumi,,
3504,222,MAY,Mayuge,,
3505,222,MBA,Mbale,,
3506,222,PAL,Pallisa,,
3507,222,SIR,Sironko,,
3508,222,SOR,Soroti,,
3509,222,TOR,Tororo,,
3510,222,ADJ,Adjumani,,
3511,222,APC,Apac,,
3512,222,ARU,Arua,,
3513,222,GUL,Gulu,,
3514,222,KIT,Kitgum,,
3515,222,KOT,Kotido,,
3516,222,LIR,Lira,,
3517,222,MRT,Moroto,,
3518,222,MOY,Moyo,,
3519,222,NAK,Nakapiripirit,,
3520,222,NEB,Nebbi,,
3521,222,PAD,Pader,,
3522,222,YUM,Yumbe,,
3523,222,BUN,Bundibugyo,,
3524,222,BSH,Bushenyi,,
3525,222,HOI,Hoima,,
3526,222,KBL,Kabale,,
3527,222,KAR,Kabarole,,
3528,222,KAM,Kamwenge,,
3529,222,KAN,Kanungu,,
3530,222,KAS,Kasese,,
3531,222,KBA,Kibaale,,
3532,222,KIS,Kisoro,,
3533,222,KYE,Kyenjojo,,
3534,222,MSN,Masindi,,
3535,222,MBR,Mbarara,,
3536,222,NTU,Ntungamo,,
3537,222,RUK,Rukungiri,,
3538,223,CK,Cherkasy,,
3539,223,CH,Chernihiv,,
3540,223,CV,Chernivtsi,,
3541,223,CR,Crimea,,
3542,223,DN,Dnipropetrovs'k,,
3543,223,DO,Donets'k,,
3544,223,IV,Ivano-Frankivs'k,,
3545,223,KL,Kharkiv Kherson,,
3546,223,KM,Khmel'nyts'kyy,,
3547,223,KR,Kirovohrad,,
3548,223,KV,Kiev,,
3549,223,KY,Kyyiv,,
3550,223,LU,Luhans'k,,
3551,223,LV,L'viv,,
3552,223,MY,Mykolayiv,,
3553,223,OD,Odesa,,
3554,223,PO,Poltava,,
3555,223,RI,Rivne,,
3556,223,SE,Sevastopol,,
3557,223,SU,Sumy,,
3558,223,TE,Ternopil',,
3559,223,VI,Vinnytsya,,
3560,223,VO,Volyn',,
3561,223,ZK,Zakarpattya,,
3562,223,ZA,Zaporizhzhya,,
3563,223,ZH,Zhytomyr,,
3564,224,AZ,Abu Zaby,,
3565,224,AJ,'Ajman,,
3566,224,FU,Al Fujayrah,,
3567,224,SH,Ash Shariqah,,
3568,224,DU,Dubayy,,
3569,224,RK,R'as al Khaymah,,
3570,224,UQ,Umm al Qaywayn,,
3571,225,ABN,Aberdeen,,
3572,225,ABNS,Aberdeenshire,,
3573,225,ANG,Anglesey,,
3574,225,AGS,Angus,,
3575,225,ARY,Argyll and Bute,,
3576,225,BEDS,Bedfordshire,,
3577,225,BERKS,Berkshire,,
3578,225,BLA,Blaenau Gwent,,
3579,225,BRI,Bridgend,,
3580,225,BSTL,Bristol,,
3581,225,BUCKS,Buckinghamshire,,
3582,225,CAE,Caerphilly,,
3583,225,CAMBS,Cambridgeshire,,
3584,225,CDF,Cardiff,,
3585,225,CARM,Carmarthenshire,,
3586,225,CDGN,Ceredigion,,
3587,225,CHES,Cheshire,,
3588,225,CLACK,Clackmannanshire,,
3589,225,CON,Conwy,,
3590,225,CORN,Cornwall,,
3591,225,DNBG,Denbighshire,,
3592,225,DERBY,Derbyshire,,
3593,225,DVN,Devon,,
3594,225,DOR,Dorset,,
3595,225,DGL,Dumfries and Galloway,,
3596,225,DUND,Dundee,,
3597,225,DHM,Durham,,
3598,225,ARYE,East Ayrshire,,
3599,225,DUNBE,East Dunbartonshire,,
3600,225,LOTE,East Lothian,,
3601,225,RENE,East Renfrewshire,,
3602,225,ERYS,East Riding of Yorkshire,,
3603,225,SXE,East Sussex,,
3604,225,EDIN,Edinburgh,,
3605,225,ESX,Essex,,
3606,225,FALK,Falkirk,,
3607,225,FFE,Fife,,
3608,225,FLINT,Flintshire,,
3609,225,GLAS,Glasgow,,
3610,225,GLOS,Gloucestershire,,
3611,225,LDN,Greater London,,
3612,225,MCH,Greater Manchester,,
3613,225,GDD,Gwynedd,,
3614,225,HANTS,Hampshire,,
3615,225,HWR,Herefordshire,,
3616,225,HERTS,Hertfordshire,,
3617,225,HLD,Highlands,,
3618,225,IVER,Inverclyde,,
3619,225,IOW,Isle of Wight,,
3620,225,KNT,Kent,,
3621,225,LANCS,Lancashire,,
3622,225,LEICS,Leicestershire,,
3623,225,LINCS,Lincolnshire,,
3624,225,MSY,Merseyside,,
3625,225,MERT,Merthyr Tydfil,,
3626,225,MLOT,Midlothian,,
3627,225,MMOUTH,Monmouthshire,,
3628,225,MORAY,Moray,,
3629,225,NPRTAL,Neath Port Talbot,,
3630,225,NEWPT,Newport,,
3631,225,NOR,Norfolk,,
3632,225,ARYN,North Ayrshire,,
3633,225,LANN,North Lanarkshire,,
3634,225,YSN,North Yorkshire,,
3635,225,NHM,Northamptonshire,,
3636,225,NLD,Northumberland,,
3637,225,NOT,Nottinghamshire,,
3638,225,ORK,Orkney Islands,,
3639,225,OFE,Oxfordshire,,
3640,225,PEM,Pembrokeshire,,
3641,225,PERTH,Perth and Kinross,,
3642,225,PWS,Powys,,
3643,225,REN,Renfrewshire,,
3644,225,RHON,Rhondda Cynon Taff,,
3645,225,RUT,Rutland,,
3646,225,BOR,Scottish Borders,,
3647,225,SHET,Shetland Islands,,
3648,225,SPE,Shropshire,,
3649,225,SOM,Somerset,,
3650,225,ARYS,South Ayrshire,,
3651,225,LANS,South Lanarkshire,,
3652,225,YSS,South Yorkshire,,
3653,225,SFD,Staffordshire,,
3654,225,STIR,Stirling,,
3655,225,SFK,Suffolk,,
3656,225,SRY,Surrey,,
3657,225,SWAN,Swansea,,
3658,225,TORF,Torfaen,,
3659,225,TWR,Tyne and Wear,,
3660,225,VGLAM,Vale of Glamorgan,,
3661,225,WARKS,Warwickshire,,
3662,225,WDUN,West Dunbartonshire,,
3663,225,WLOT,West Lothian,,
3664,225,WMD,West Midlands,,
3665,225,SXW,West Sussex,,
3666,225,YSW,West Yorkshire,,
3667,225,WIL,Western Isles,,
3668,225,WLT,Wiltshire,,
3669,225,WORCS,Worcestershire,,
3670,225,WRX,Wrexham,,
3671,226,AL,Alabama,,
3672,226,AK,Alaska,,
3673,226,AS,American Samoa,,
3674,226,AZ,Arizona,,
3675,226,AR,Arkansas,,
3676,226,AF,Armed Forces Africa,,
3677,226,AA,Armed Forces Americas,,
3678,226,AC,Armed Forces Canada,,
3679,226,AE,Armed Forces Europe,,
3680,226,AM,Armed Forces Middle East,,
3681,226,AP,Armed Forces Pacific,,
3682,226,CA,California,,
3683,226,CO,Colorado,,
3684,226,CT,Connecticut,,
3685,226,DE,Delaware,,
3686,226,DC,District of Columbia,,
3687,226,FM,Federated States Of Micronesia,,
3688,226,FL,Florida,,
3689,226,GA,Georgia,,
3690,226,GU,Guam,,
3691,226,HI,Hawaii,,
3692,226,ID,Idaho,,
3693,226,IL,Illinois,,
3694,226,IN,Indiana,,
3695,226,IA,Iowa,,
3696,226,KS,Kansas,,
3697,226,KY,Kentucky,,
3698,226,LA,Louisiana,,
3699,226,ME,Maine,,
3700,226,MH,Marshall Islands,,
3701,226,MD,Maryland,,
3702,226,MA,Massachusetts,,
3703,226,MI,Michigan,,
3704,226,MN,Minnesota,,
3705,226,MS,Mississippi,,
3706,226,MO,Missouri,,
3707,226,MT,Montana,,
3708,226,NE,Nebraska,,
3709,226,NV,Nevada,,
3710,226,NH,New Hampshire,,
3711,226,NJ,New Jersey,,
3712,226,NM,New Mexico,,
3713,226,NY,New York,,
3714,226,NC,North Carolina,,
3715,226,ND,North Dakota,,
3716,226,MP,Northern Mariana Islands,,
3717,226,OH,Ohio,,
3718,226,OK,Oklahoma,,
3719,226,OR,Oregon,,
3720,226,PW,Palau,,
3721,226,PA,Pennsylvania,,
3722,226,PR,Puerto Rico,,
3723,226,RI,Rhode Island,,
3724,226,SC,South Carolina,,
3725,226,SD,South Dakota,,
3726,226,TN,Tennessee,,
3727,226,TX,Texas,,
3728,226,UT,Utah,,
3729,226,VT,Vermont,,
3730,226,VI,Virgin Islands,,
3731,226,VA,Virginia,,
3732,226,WA,Washington,,
3733,226,WV,West Virginia,,
3734,226,WI,Wisconsin,,
3735,226,WY,Wyoming,,
3736,227,BI,Baker Island,,
3737,227,HI,Howland Island,,
3738,227,JI,Jarvis Island,,
3739,227,JA,Johnston Atoll,,
3740,227,KR,Kingman Reef,,
3741,227,MA,Midway Atoll,,
3742,227,NI,Navassa Island,,
3743,227,PA,Palmyra Atoll,,
3744,227,WI,Wake Island,,
3745,228,AR,Artigas,,
3746,228,CA,Canelones,,
3747,228,CL,Cerro Largo,,
3748,228,CO,Colonia,,
3749,228,DU,Durazno,,
3750,228,FS,Flores,,
3751,228,FA,Florida,,
3752,228,LA,Lavalleja,,
3753,228,MA,Maldonado,,
3754,228,MO,Montevideo,,
3755,228,PA,Paysandu,,
3756,228,RN,Rio Negro,,
3757,228,RV,Rivera,,
3758,228,RO,Rocha,,
3759,228,SL,Salto,,
3760,228,SJ,San Jose,,
3761,228,SO,Soriano,,
3762,228,TA,Tacuarembo,,
3763,228,TT,Treinta y Tres,,
3764,229,AN,Andijon,,
3765,229,BU,Buxoro,,
3766,229,FA,Farg'ona,,
3767,229,JI,Jizzax,,
3768,229,NG,Namangan,,
3769,229,NW,Navoiy,,
3770,229,QA,Qashqadaryo,,
3771,229,QR,Qoraqalpog'iston Republikasi,,
3772,229,SA,Samarqand,,
3773,229,SI,Sirdaryo,,
3774,229,SU,Surxondaryo,,
3775,229,TK,Toshkent City,,
3776,229,TO,Toshkent Region,,
3777,229,XO,Xorazm,,
3778,230,MA,Malampa,,
3779,230,PE,Penama,,
3780,230,SA,Sanma,,
3781,230,SH,Shefa,,
3782,230,TA,Tafea,,
3783,230,TO,Torba,,
3784,232,AM,Amazonas,,
3785,232,AN,Anzoategui,,
3786,232,AP,Apure,,
3787,232,AR,Aragua,,
3788,232,BA,Barinas,,
3789,232,BO,Bolivar,,
3790,232,CA,Carabobo,,
3791,232,CO,Cojedes,,
3792,232,DA,Delta Amacuro,,
3793,232,DF,Dependencias Federales,,
3794,232,DI,Distrito Federal,,
3795,232,FA,Falcon,,
3796,232,GU,Guarico,,
3797,232,LA,Lara,,
3798,232,ME,Merida,,
3799,232,MI,Miranda,,
3800,232,MO,Monagas,,
3801,232,NE,Nueva Esparta,,
3802,232,PO,Portuguesa,,
3803,232,SU,Sucre,,
3804,232,TA,Tachira,,
3805,232,TR,Trujillo,,
3806,232,VA,Vargas,,
3807,232,YA,Yaracuy,,
3808,232,ZU,Zulia,,
3809,233,AG,An Giang,,
3810,233,BG,Bac Giang,,
3811,233,BK,Bac Kan,,
3812,233,BL,Bac Lieu,,
3813,233,BC,Bac Ninh,,
3814,233,BR,Ba Ria-Vung Tau,,
3815,233,BN,Ben Tre,,
3816,233,BH,Binh Dinh,,
3817,233,BU,Binh Duong,,
3818,233,BP,Binh Phuoc,,
3819,233,BT,Binh Thuan,,
3820,233,CM,Ca Mau,,
3821,233,CT,Can Tho,,
3822,233,CB,Cao Bang,,
3823,233,DL,Dak Lak,,
3824,233,DG,Dak Nong,,
3825,233,DN,Da Nang,,
3826,233,DB,Dien Bien,,
3827,233,DI,Dong Nai,,
3828,233,DT,Dong Thap,,
3829,233,GL,Gia Lai,,
3830,233,HG,Ha Giang,,
3831,233,HD,Hai Duong,,
3832,233,HP,Hai Phong,,
3833,233,HM,Ha Nam,,
3834,233,HI,Ha Noi,,
3835,233,HT,Ha Tay,,
3836,233,HH,Ha Tinh,,
3837,233,HB,Hoa Binh,,
3838,233,HC,Ho Chin Minh,,
3839,233,HU,Hau Giang,,
3840,233,HY,Hung Yen,,
3841,235,C,Saint Croix,,
3842,235,J,Saint John,,
3843,235,T,Saint Thomas,,
3844,236,A,Alo,,
3845,236,S,Sigave,,
3846,236,W,Wallis,,
3847,238,AB,Abyan,,
3848,238,AD,Adan,,
3849,238,AM,Amran,,
3850,238,BA,Al Bayda,,
3851,238,DA,Ad Dali,,
3852,238,DH,Dhamar,,
3853,238,HD,Hadramawt,,
3854,238,HJ,Hajjah,,
3855,238,HU,Al Hudaydah,,
3856,238,IB,Ibb,,
3857,238,JA,Al Jawf,,
3858,238,LA,Lahij,,
3859,238,MA,Ma'rib,,
3860,238,MR,Al Mahrah,,
3861,238,MW,Al Mahwit,,
3862,238,SD,Sa'dah,,
3863,238,SN,San'a,,
3864,238,SH,Shabwah,,
3865,238,TA,Ta'izz,,
3866,239,KOS,Kosovo,,
3867,239,SER,Serbia,,
3868,239,VOJ,Vojvodina,,
3869,240,BC,Bas-Congo,,
3870,240,BN,Bandundu,,
3871,240,EQ,Equateur,,
3872,240,KA,Katanga,,
3873,240,KE,Kasai-Oriental,,
3874,240,KN,Kinshasa,,
3875,240,KW,Kasai-Occidental,,
3876,240,MA,Maniema,,
3877,240,NK,Nord-Kivu,,
3878,240,OR,Orientale,,
3879,240,SK,Sud-Kivu,,
3880,241,CE,Central,,
3881,241,CB,Copperbelt,,
3882,241,EA,Eastern,,
3883,241,LP,Luapula,,
3884,241,LK,Lusaka,,
3885,241,NO,Northern,,
3886,241,NW,North-Western,,
3887,241,SO,Southern,,
3888,241,WE,Western,,
3889,242,BU,Bulawayo,,
3890,242,HA,Harare,,
3891,242,ML,Manicaland,,
3892,242,MC,Mashonaland Central,,
3893,242,ME,Mashonaland East,,
3894,242,MW,Mashonaland West,,
3895,242,MV,Masvingo,,
3896,242,MN,Matabeleland North,,
3897,242,MS,Matabeleland South,,
3898,242,MD,Midlands,,
3899,33,BLA,Blagoevgrad,,
3900,33,BUR,Burgas,,
3901,33,DOD,Dobrich,,
3902,33,GAB,Gabrovo,,
3903,33,HAS,Haskovo,,
3904,33,KAR,Kardjali,,
3905,33,KYU,Kyustendil,,
3906,33,LOV,Lovech,,
3907,33,MON,Montana,,
3908,33,PAZ,Pazardjik,,
3909,33,PER,Pernik,,
3910,33,PLE,Pleven,,
3911,33,PLO,Plovdiv,,
3912,33,RAZ,Razgrad,,
3913,33,SHU,Shumen,,
3914,33,SIL,Silistra,,
3915,33,SLI,Sliven,,
3916,33,SMO,Smolyan,,
3917,33,SOF,Sofia,,
3918,33,SOT,Sofia - town,,
3919,33,STA,Stara Zagora,,
3920,33,TAR,Targovishte,,
3921,33,VAR,Varna,,
3922,33,VEL,Veliko Tarnovo,,
3923,33,VID,Vidin,,
3924,33,VRA,Vratza,,
3925,33,YAM,Yambol,,
